bs_ts,mmsi,callsign,imo,name,nav_status,lat,lon,cog,sog,destination,eta,shiptype,draught,length,width
2023-04-24 06:23:36,311000710,C6DL4,9751509,NORWEGIAN BLISS,Under way using engine,54.06096333,-133.71047667,343.9,21.2,"SKAGWAY, AK",2023-04-25 15:00:00,Passenger ship,8.6,334,45
2023-04-24 06:26:24,311000710,C6DL4,9751509,NORWEGIAN BLISS,Under way using engine,54.07679833,-133.71761167,346.5,21.0,"SKAGWAY, AK",2023-04-25 15:00:00,Passenger ship,8.6,334,45
2023-04-24 06:27:54,311000710,C6DL4,9751509,NORWEGIAN BLISS,Under way using engine,54.08533167,-133.72132500,344.1,21.1,"SKAGWAY, AK",2023-04-25 15:00:00,Passenger ship,8.6,334,45
2023-04-24 06:29:24,311000710,C6DL4,9751509,NORWEGIAN BLISS,Under way using engine,54.09386167,-133.72523167,346.4,21.4,"SKAGWAY, AK",2023-04-25 15:00:00,Passenger ship,8.6,334,45
2023-04-24 06:29:30,311000710,C6DL4,9751509,NORWEGIAN BLISS,Under way using engine,54.09443000,-133.72551833,344.2,21.1,"SKAGWAY, AK",2023-04-25 15:00:00,Passenger ship,8.6,334,45
2023-04-24 06:31:12,311000710,C6DL4,9751509,NORWEGIAN BLISS,Under way using engine,54.10420333,-133.72985167,346.4,21.5,"SKAGWAY, AK",2023-04-25 15:00:00,Passenger ship,8.6,334,45
2023-04-24 06:33:55,311000710,C6DL4,9751509,NORWEGIAN BLISS,Under way using engine,54.11977667,-133.73657667,344.2,21.5,"SKAGWAY, AK",2023-04-25 15:00:00,Passenger ship,8.6,334,45
2023-04-24 06:34:53,311000710,C6DL4,9751509,NORWEGIAN BLISS,Under way using engine,54.12557667,-133.73917167,346.3,21.6,"SKAGWAY, AK",2023-04-25 15:00:00,Passenger ship,8.6,334,45
2023-04-24 06:40:00,311000710,C6DL4,9751509,NORWEGIAN BLISS,Under way using engine,54.15523333,-133.75165000,347.0,21.6,"SKAGWAY, AK",2023-04-25 15:00:00,Passenger ship,8.6,334,45
2023-04-24 06:44:00,311000710,C6DL4,9751509,NORWEGIAN BLISS,Under way using engine,54.17831000,-133.76121333,344.4,21.3,"SKAGWAY, AK",2023-04-25 15:00:00,Passenger ship,8.6,334,45
2023-04-24 06:45:36,311000710,C6DL4,9751509,NORWEGIAN BLISS,Under way using engine,54.18743667,-133.76573667,342.1,21.4,"SKAGWAY, AK",2023-04-25 15:00:00,Passenger ship,8.6,334,45
2023-04-24 06:45:48,311000710,C6DL4,9751509,NORWEGIAN BLISS,Under way using engine,54.18858833,-133.76630000,344.4,21.4,"SKAGWAY, AK",2023-04-25 15:00:00,Passenger ship,8.6,334,45
2023-04-24 06:51:09,311000710,C6DL4,9751509,NORWEGIAN BLISS,Under way using engine,54.21875833,-133.78135000,343.5,21.5,"SKAGWAY, AK",2023-04-25 15:00:00,Passenger ship,8.6,334,45
2023-04-24 06:54:30,311000710,C6DL4,9751509,NORWEGIAN BLISS,Under way using engine,54.23827833,-133.79066000,344.3,20.9,"SKAGWAY, AK",2023-04-25 15:00:00,Passenger ship,8.6,334,45
2023-04-24 06:58:54,311000710,C6DL4,9751509,NORWEGIAN BLISS,Under way using engine,54.26234667,-133.80248333,343.7,20.0,"SKAGWAY, AK",2023-04-25 15:00:00,Passenger ship,8.6,334,45
2023-04-24 07:04:09,311000710,C6DL4,9751509,NORWEGIAN BLISS,Under way using engine,54.28982000,-133.81631833,342.4,19.7,"SKAGWAY, AK",2023-04-25 15:00:00,Passenger ship,8.6,334,45
2023-04-24 07:05:12,311000710,C6DL4,9751509,NORWEGIAN BLISS,Under way using engine,54.29553500,-133.81912500,344.7,19.8,"SKAGWAY, AK",2023-04-25 15:00:00,Passenger ship,8.6,334,45
2023-04-24 07:08:56,311000710,C6DL4,9751509,NORWEGIAN BLISS,Under way using engine,54.31500333,-133.82872500,342.3,19.5,"SKAGWAY, AK",2023-04-25 15:00:00,Passenger ship,8.6,334,45
2023-04-24 07:30:32,311000710,C6DL4,9751509,NORWEGIAN BLISS,Under way using engine,54.43045000,-133.88411333,345.8,20.8,"SKAGWAY, AK",2023-04-25 15:00:00,Passenger ship,8.6,334,45
2023-04-24 07:35:48,311000710,C6DL4,9751509,NORWEGIAN BLISS,Under way using engine,54.46017167,-133.89758000,344.3,20.8,"SKAGWAY, AK",2023-04-25 15:00:00,Passenger ship,8.6,334,45
2023-04-24 07:39:58,311000710,C6DL4,9751509,NORWEGIAN BLISS,Under way using engine,54.48316333,-133.90797167,343.5,20.8,"SKAGWAY, AK",2023-04-25 15:00:00,Passenger ship,8.6,334,45
2023-04-24 07:49:08,311000710,C6DL4,9751509,NORWEGIAN BLISS,Under way using engine,54.53467000,-133.93174500,345.1,20.9,"SKAGWAY, AK",2023-04-25 15:00:00,Passenger ship,8.6,334,45
2023-04-24 07:54:59,311000710,C6DL4,9751509,NORWEGIAN BLISS,Under way using engine,54.56691500,-133.94728333,343.8,21.0,"SKAGWAY, AK",2023-04-25 15:00:00,Passenger ship,8.6,334,45
2023-04-24 08:00:56,311000710,C6DL4,9751509,NORWEGIAN BLISS,Under way using engine,54.60031833,-133.96369500,343.4,20.9,"SKAGWAY, AK",2023-04-25 15:00:00,Passenger ship,8.6,334,45
2023-04-24 08:03:47,311000710,C6DL4,9751509,NORWEGIAN BLISS,Under way using engine,54.61640000,-133.97165167,345.4,20.8,"SKAGWAY, AK",2023-04-25 15:00:00,Passenger ship,8.6,334,45
2023-04-24 08:08:41,311000710,C6DL4,9751509,NORWEGIAN BLISS,Under way using engine,54.64381000,-133.98393667,347.5,21.1,"SKAGWAY, AK",2023-04-25 15:00:00,Passenger ship,8.6,334,45
2023-04-24 08:08:53,311000710,C6DL4,9751509,NORWEGIAN BLISS,Under way using engine,54.64495333,-133.98442333,345.3,20.8,"SKAGWAY, AK",2023-04-25 15:00:00,Passenger ship,8.6,334,45
2023-04-24 08:10:00,311000710,C6DL4,9751509,NORWEGIAN BLISS,Under way using engine,54.65115167,-133.98692667,347.5,20.9,"SKAGWAY, AK",2023-04-25 15:00:00,Passenger ship,8.6,334,45
2023-04-24 08:13:42,311000710,C6DL4,9751509,NORWEGIAN BLISS,Under way using engine,54.67211167,-133.99559833,343.5,21.0,"SKAGWAY, AK",2023-04-25 15:00:00,Passenger ship,8.6,334,45
2023-04-24 08:16:49,311000710,C6DL4,9751509,NORWEGIAN BLISS,Under way using engine,54.68976333,-134.00364333,345.8,21.5,"SKAGWAY, AK",2023-04-25 15:00:00,Passenger ship,8.6,334,45
2023-04-24 08:22:03,311000710,C6DL4,9751509,NORWEGIAN BLISS,Under way using engine,54.71942667,-134.01756167,344.6,21.3,"SKAGWAY, AK",2023-04-25 15:00:00,Passenger ship,8.6,334,45
2023-04-24 08:30:27,311000710,C6DL4,9751509,NORWEGIAN BLISS,Under way using engine,54.76754500,-134.04029167,343.8,21.6,"SKAGWAY, AK",2023-04-25 15:00:00,Passenger ship,8.6,334,45
2023-04-24 08:36:31,311000710,C6DL4,9751509,NORWEGIAN BLISS,Under way using engine,54.80269500,-134.05777667,343.6,21.5,"SKAGWAY, AK",2023-04-25 15:00:00,Passenger ship,8.6,334,45
2023-04-24 08:40:43,311000710,C6DL4,9751509,NORWEGIAN BLISS,Under way using engine,54.82632333,-134.06984167,342.9,20.9,"SKAGWAY, AK",2023-04-25 15:00:00,Passenger ship,8.6,334,45
2023-04-24 08:43:56,311000710,C6DL4,9751509,NORWEGIAN BLISS,Under way using engine,54.84429167,-134.07844500,345.2,21.0,"SKAGWAY, AK",2023-04-25 15:00:00,Passenger ship,8.6,334,45
2023-04-24 08:50:09,311000710,C6DL4,9751509,NORWEGIAN BLISS,Under way using engine,54.87927500,-134.09482500,344.9,21.2,"SKAGWAY, AK",2023-04-25 15:00:00,Passenger ship,8.6,334,45
2023-04-24 08:53:58,311000710,C6DL4,9751509,NORWEGIAN BLISS,Under way using engine,54.90070333,-134.10455167,346.9,21.0,"SKAGWAY, AK",2023-04-25 15:00:00,Passenger ship,8.6,334,45
2023-04-24 08:57:00,311000710,C6DL4,9751509,NORWEGIAN BLISS,Under way using engine,54.91830833,-134.11219167,344.8,20.9,"SKAGWAY, AK",2023-04-25 15:00:00,Passenger ship,8.6,334,45
2023-04-24 08:57:06,311000710,C6DL4,9751509,NORWEGIAN BLISS,Under way using engine,54.91878500,-134.11237000,347.2,20.9,"SKAGWAY, AK",2023-04-25 15:00:00,Passenger ship,8.6,334,45
2023-04-24 08:58:36,311000710,C6DL4,9751509,NORWEGIAN BLISS,Under way using engine,54.92724333,-134.11592333,345.1,20.8,"SKAGWAY, AK",2023-04-25 15:00:00,Passenger ship,8.6,334,45
2023-04-24 08:58:42,311000710,C6DL4,9751509,NORWEGIAN BLISS,Under way using engine,54.92781667,-134.11613333,348.2,21.0,"SKAGWAY, AK",2023-04-25 15:00:00,Passenger ship,8.6,334,45
2023-04-24 09:01:48,311000710,C6DL4,9751509,NORWEGIAN BLISS,Under way using engine,54.94517500,-134.12329833,345.0,20.7,"SKAGWAY, AK",2023-04-25 15:00:00,Passenger ship,8.6,334,45
2023-04-24 09:08:10,311000710,C6DL4,9751509,NORWEGIAN BLISS,Under way using engine,54.98018167,-134.13989167,344.0,20.7,"SKAGWAY, AK",2023-04-25 15:00:00,Passenger ship,8.6,334,45
2023-04-24 09:13:57,311000710,C6DL4,9751509,NORWEGIAN BLISS,Under way using engine,55.01220000,-134.15557500,343.6,20.5,"SKAGWAY, AK",2023-04-25 15:00:00,Passenger ship,8.6,334,45
2023-04-24 09:18:21,311000710,C6DL4,9751509,NORWEGIAN BLISS,Under way using engine,55.03626500,-134.16763667,343.7,20.5,"SKAGWAY, AK",2023-04-25 15:00:00,Passenger ship,8.6,334,45
2023-04-24 09:24:45,311000710,C6DL4,9751509,NORWEGIAN BLISS,Under way using engine,55.07115000,-134.18419167,346.2,20.6,"SKAGWAY, AK",2023-04-25 15:00:00,Passenger ship,8.6,334,45
2023-04-24 09:25:45,311000710,C6DL4,9751509,NORWEGIAN BLISS,Under way using engine,55.07668000,-134.18671500,343.9,20.5,"SKAGWAY, AK",2023-04-25 15:00:00,Passenger ship,8.6,334,45
2023-04-24 09:31:36,311000710,C6DL4,9751509,NORWEGIAN BLISS,Under way using engine,55.10897500,-134.20213667,345.1,20.4,"SKAGWAY, AK",2023-04-25 15:00:00,Passenger ship,8.6,334,45
2023-04-24 09:36:22,311000710,C6DL4,9751509,NORWEGIAN BLISS,Under way using engine,55.13491667,-134.21350000,348.8,20.5,"SKAGWAY, AK",2023-04-25 15:00:00,Passenger ship,8.6,334,45
2023-04-24 09:36:26,311000710,C6DL4,9751509,NORWEGIAN BLISS,Under way using engine,55.13546500,-134.21373333,346.4,20.3,"SKAGWAY, AK",2023-04-25 15:00:00,Passenger ship,8.6,334,45
2023-04-24 09:38:37,311000710,C6DL4,9751509,NORWEGIAN BLISS,Under way using engine,55.14754500,-134.21837500,349.1,20.4,"SKAGWAY, AK",2023-04-25 15:00:00,Passenger ship,8.6,334,45
2023-04-24 09:40:26,311000710,C6DL4,9751509,NORWEGIAN BLISS,Under way using engine,55.15748500,-134.22218667,346.7,20.3,"SKAGWAY, AK",2023-04-25 15:00:00,Passenger ship,8.6,334,45
2023-04-24 09:44:43,311000710,C6DL4,9751509,NORWEGIAN BLISS,Under way using engine,55.18113667,-134.23120667,348.9,20.4,"SKAGWAY, AK",2023-04-25 15:00:00,Passenger ship,8.6,334,45
2023-04-24 09:46:14,311000710,C6DL4,9751509,NORWEGIAN BLISS,Under way using engine,55.18939167,-134.23432333,346.7,20.2,"SKAGWAY, AK",2023-04-25 15:00:00,Passenger ship,8.6,334,45
2023-04-24 09:48:09,311000710,C6DL4,9751509,NORWEGIAN BLISS,Under way using engine,55.19984833,-134.23814333,348.8,20.3,"SKAGWAY, AK",2023-04-25 15:00:00,Passenger ship,8.6,334,45
2023-04-24 09:49:43,311000710,C6DL4,9751509,NORWEGIAN BLISS,Under way using engine,55.20856500,-134.24189333,343.4,20.1,"SKAGWAY, AK",2023-04-25 15:00:00,Passenger ship,8.6,334,45
2023-04-24 09:51:43,311000710,C6DL4,9751509,NORWEGIAN BLISS,Under way using engine,55.21923167,-134.24773000,341.2,20.1,"SKAGWAY, AK",2023-04-25 15:00:00,Passenger ship,8.6,334,45
2023-04-24 09:52:00,311000710,C6DL4,9751509,NORWEGIAN BLISS,Under way using engine,55.22083000,-134.24857500,343.4,20.1,"SKAGWAY, AK",2023-04-25 15:00:00,Passenger ship,8.6,334,45
2023-04-24 09:57:32,311000710,C6DL4,9751509,NORWEGIAN BLISS,Under way using engine,55.25014667,-134.26444167,343.3,20.2,"SKAGWAY, AK",2023-04-25 15:00:00,Passenger ship,8.6,334,45
2023-04-24 10:02:42,311000710,C6DL4,9751509,NORWEGIAN BLISS,Under way using engine,55.27770000,-134.27944500,343.5,20.0,"SKAGWAY, AK",2023-04-25 15:00:00,Passenger ship,8.6,334,45
2023-04-24 10:07:14,311000710,C6DL4,9751509,NORWEGIAN BLISS,Under way using engine,55.30120500,-134.29181833,345.6,20.3,"SKAGWAY, AK",2023-04-25 15:00:00,Passenger ship,8.6,334,45
2023-04-24 10:12:19,311000710,C6DL4,9751509,NORWEGIAN BLISS,Under way using engine,55.32930500,-134.30434833,346.1,20.1,"SKAGWAY, AK",2023-04-25 15:00:00,Passenger ship,8.6,334,45
2023-04-24 10:16:19,311000710,C6DL4,9751509,NORWEGIAN BLISS,Under way using engine,55.35081500,-134.31434500,342.5,20.0,"SKAGWAY, AK",2023-04-25 15:00:00,Passenger ship,8.6,334,45
2023-04-24 10:20:26,311000710,C6DL4,9751509,NORWEGIAN BLISS,Under way using engine,55.37258833,-134.32529000,343.0,19.3,"SKAGWAY, AK",2023-04-25 15:00:00,Passenger ship,8.6,334,45
2023-04-24 10:21:24,311000710,C6DL4,9751509,NORWEGIAN BLISS,Under way using engine,55.37770167,-134.32785000,345.8,19.1,"SKAGWAY, AK",2023-04-25 15:00:00,Passenger ship,8.6,334,45
2023-04-24 10:25:00,311000710,C6DL4,9751509,NORWEGIAN BLISS,Under way using engine,55.39600833,-134.33677500,343.7,19.5,"SKAGWAY, AK",2023-04-25 15:00:00,Passenger ship,8.6,334,45
2023-04-24 10:28:31,311000710,C6DL4,9751509,NORWEGIAN BLISS,Under way using engine,55.41452167,-134.34607167,344.9,20.1,"SKAGWAY, AK",2023-04-25 15:00:00,Passenger ship,8.6,334,45
2023-04-24 10:34:00,311000710,C6DL4,9751509,NORWEGIAN BLISS,Under way using engine,55.44406167,-134.36087667,344.3,20.2,"SKAGWAY, AK",2023-04-25 15:00:00,Passenger ship,8.6,334,45
2023-04-24 10:39:07,311000710,C6DL4,9751509,NORWEGIAN BLISS,Under way using engine,55.47179667,-134.37416667,346.7,20.4,"SKAGWAY, AK",2023-04-25 15:00:00,Passenger ship,8.6,334,45
2023-04-24 10:39:24,311000710,C6DL4,9751509,NORWEGIAN BLISS,Under way using engine,55.47351333,-134.37500167,344.4,20.3,"SKAGWAY, AK",2023-04-25 15:00:00,Passenger ship,8.6,334,45
2023-04-24 10:41:13,311000710,C6DL4,9751509,NORWEGIAN BLISS,Under way using engine,55.48323667,-134.37959500,346.5,20.4,"SKAGWAY, AK",2023-04-25 15:00:00,Passenger ship,8.6,334,45
2023-04-24 10:42:14,311000710,C6DL4,9751509,NORWEGIAN BLISS,Under way using engine,55.48868333,-134.38211167,344.2,20.3,"SKAGWAY, AK",2023-04-25 15:00:00,Passenger ship,8.6,334,45
2023-04-24 10:42:26,311000710,C6DL4,9751509,NORWEGIAN BLISS,Under way using engine,55.48979833,-134.38260333,346.4,20.5,"SKAGWAY, AK",2023-04-25 15:00:00,Passenger ship,8.6,334,45
2023-04-24 10:47:49,311000710,C6DL4,9751509,NORWEGIAN BLISS,Under way using engine,55.51952667,-134.39649500,345.0,20.8,"SKAGWAY, AK",2023-04-25 15:00:00,Passenger ship,8.6,334,45
2023-04-24 10:49:24,311000710,C6DL4,9751509,NORWEGIAN BLISS,Under way using engine,55.52848333,-134.40037500,347.1,20.8,"SKAGWAY, AK",2023-04-25 15:00:00,Passenger ship,8.6,334,45
2023-04-24 10:52:02,311000710,C6DL4,9751509,NORWEGIAN BLISS,Under way using engine,55.54299167,-134.40723667,344.6,20.8,"SKAGWAY, AK",2023-04-25 15:00:00,Passenger ship,8.6,334,45
2023-04-24 10:54:14,311000710,C6DL4,9751509,NORWEGIAN BLISS,Under way using engine,55.55528000,-134.41283833,347.2,20.7,"SKAGWAY, AK",2023-04-25 15:00:00,Passenger ship,8.6,334,45
2023-04-24 10:54:42,311000710,C6DL4,9751509,NORWEGIAN BLISS,Under way using engine,55.55797167,-134.41405833,344.3,20.8,"SKAGWAY, AK",2023-04-25 15:00:00,Passenger ship,8.6,334,45
2023-04-24 10:57:32,311000710,C6DL4,9751509,NORWEGIAN BLISS,Under way using engine,55.57362333,-134.42129000,346.7,21.0,"SKAGWAY, AK",2023-04-25 15:00:00,Passenger ship,8.6,334,45
2023-04-24 10:59:43,311000710,C6DL4,9751509,NORWEGIAN BLISS,Under way using engine,55.58600833,-134.42701500,344.5,21.0,"SKAGWAY, AK",2023-04-25 15:00:00,Passenger ship,8.6,334,45
2023-04-24 11:03:08,311000710,C6DL4,9751509,NORWEGIAN BLISS,Under way using engine,55.60525000,-134.43582333,346.8,21.1,"SKAGWAY, AK",2023-04-25 15:00:00,Passenger ship,8.6,334,45
2023-04-24 11:03:48,311000710,C6DL4,9751509,NORWEGIAN BLISS,Under way using engine,55.60915500,-134.43717333,350.7,21.1,"SKAGWAY, AK",2023-04-25 15:00:00,Passenger ship,8.6,334,45
2023-04-24 11:04:54,311000710,C6DL4,9751509,NORWEGIAN BLISS,Under way using engine,55.61552667,-134.43848500,355.0,21.0,"SKAGWAY, AK",2023-04-25 15:00:00,Passenger ship,8.6,334,45
2023-04-24 11:06:19,311000710,C6DL4,9751509,NORWEGIAN BLISS,Under way using engine,55.62367000,-134.43909667,358.4,21.0,"SKAGWAY, AK",2023-04-25 15:00:00,Passenger ship,8.6,334,45
2023-04-24 11:08:36,311000710,C6DL4,9751509,NORWEGIAN BLISS,Under way using engine,55.63706667,-134.44011833,355.9,21.0,"SKAGWAY, AK",2023-04-25 15:00:00,Passenger ship,8.6,334,45
2023-04-24 11:12:20,311000710,C6DL4,9751509,NORWEGIAN BLISS,Under way using engine,55.65860500,-134.44335500,353.8,21.1,"SKAGWAY, AK",2023-04-25 15:00:00,Passenger ship,8.6,334,45
2023-04-24 11:17:10,311000710,C6DL4,9751509,NORWEGIAN BLISS,Under way using engine,55.68652000,-134.44779667,356.5,21.1,"SKAGWAY, AK",2023-04-25 15:00:00,Passenger ship,8.6,334,45
2023-04-24 11:17:19,311000710,C6DL4,9751509,NORWEGIAN BLISS,Under way using engine,55.68759000,-134.44802667,353.8,21.0,"SKAGWAY, AK",2023-04-25 15:00:00,Passenger ship,8.6,334,45
2023-04-24 11:18:50,311000710,C6DL4,9751509,NORWEGIAN BLISS,Under way using engine,55.69641167,-134.44941000,356.1,21.0,"SKAGWAY, AK",2023-04-25 15:00:00,Passenger ship,8.6,334,45
2023-04-24 11:22:14,311000710,C6DL4,9751509,NORWEGIAN BLISS,Under way using engine,55.71591833,-134.45260000,353.5,20.7,"SKAGWAY, AK",2023-04-25 15:00:00,Passenger ship,8.6,334,45
2023-04-24 11:22:43,311000710,C6DL4,9751509,NORWEGIAN BLISS,Under way using engine,55.71880000,-134.45309667,355.5,20.9,"SKAGWAY, AK",2023-04-25 15:00:00,Passenger ship,8.6,334,45
2023-04-24 11:28:20,311000710,C6DL4,9751509,NORWEGIAN BLISS,Under way using engine,55.75095833,-134.45800000,353.2,20.7,"SKAGWAY, AK",2023-04-25 15:00:00,Passenger ship,8.6,334,45
2023-04-24 11:30:42,311000710,C6DL4,9751509,NORWEGIAN BLISS,Under way using engine,55.76470833,-134.46025333,355.9,20.8,"SKAGWAY, AK",2023-04-25 15:00:00,Passenger ship,8.6,334,45
2023-04-24 11:31:55,311000710,C6DL4,9751509,NORWEGIAN BLISS,Under way using engine,55.77153167,-134.46077667,358.1,20.9,"SKAGWAY, AK",2023-04-25 15:00:00,Passenger ship,8.6,334,45
2023-04-24 11:35:44,311000710,C6DL4,9751509,NORWEGIAN BLISS,Under way using engine,55.79353833,-134.46276667,355.7,20.8,"SKAGWAY, AK",2023-04-25 15:00:00,Passenger ship,8.6,334,45
2023-04-24 11:37:43,311000710,C6DL4,9751509,NORWEGIAN BLISS,Under way using engine,55.80510667,-134.46381333,357.8,20.9,"SKAGWAY, AK",2023-04-25 15:00:00,Passenger ship,8.6,334,45
2023-04-24 11:41:56,311000710,C6DL4,9751509,NORWEGIAN BLISS,Under way using engine,55.82936167,-134.46537500,355.8,20.7,"SKAGWAY, AK",2023-04-25 15:00:00,Passenger ship,8.6,334,45
2023-04-24 11:42:55,311000710,C6DL4,9751509,NORWEGIAN BLISS,Under way using engine,55.83511000,-134.46577333,359.5,20.7,"SKAGWAY, AK",2023-04-25 15:00:00,Passenger ship,8.6,334,45
2023-04-24 11:44:56,311000710,C6DL4,9751509,NORWEGIAN BLISS,Under way using engine,55.84647500,-134.46626833,356.6,20.5,"SKAGWAY, AK",2023-04-25 15:00:00,Passenger ship,8.6,334,45
2023-04-24 11:47:51,311000710,C6DL4,9751509,NORWEGIAN BLISS,Under way using engine,55.86299667,-134.46737000,359.8,20.7,"SKAGWAY, AK",2023-04-25 15:00:00,Passenger ship,8.6,334,45
2023-04-24 11:48:00,311000710,C6DL4,9751509,NORWEGIAN BLISS,Under way using engine,55.86402667,-134.46744667,357.5,20.5,"SKAGWAY, AK",2023-04-25 15:00:00,Passenger ship,8.6,334,45
2023-04-24 11:48:13,311000710,C6DL4,9751509,NORWEGIAN BLISS,Under way using engine,55.86518167,-134.46743167,359.8,20.5,"SKAGWAY, AK",2023-04-25 15:00:00,Passenger ship,8.6,334,45
2023-04-24 11:51:19,311000710,C6DL4,9751509,NORWEGIAN BLISS,Under way using engine,55.88284833,-134.46851000,357.6,20.5,"SKAGWAY, AK",2023-04-25 15:00:00,Passenger ship,8.6,334,45
2023-04-24 11:56:19,311000710,C6DL4,9751509,NORWEGIAN BLISS,Under way using engine,55.91118000,-134.47014000,359.2,20.4,"SKAGWAY, AK",2023-04-25 15:00:00,Passenger ship,8.6,334,45
2023-04-24 12:01:20,311000710,C6DL4,9751509,NORWEGIAN BLISS,Under way using engine,55.93936667,-134.47159000,356.9,20.4,"SKAGWAY, AK",2023-04-25 15:00:00,Passenger ship,8.6,334,45
2023-04-24 12:06:26,311000710,C6DL4,9751509,NORWEGIAN BLISS,Under way using engine,55.96824000,-134.47400333,357.3,20.4,"SKAGWAY, AK",2023-04-25 15:00:00,Passenger ship,8.6,334,45
2023-04-24 12:11:32,311000710,C6DL4,9751509,NORWEGIAN BLISS,Under way using engine,55.99728667,-134.47617333,358.4,20.6,"SKAGWAY, AK",2023-04-25 15:00:00,Passenger ship,8.6,334,45
2023-04-24 12:16:43,311000710,C6DL4,9751509,NORWEGIAN BLISS,Under way using engine,56.02718167,-134.47838500,356.8,20.9,"SKAGWAY, AK",2023-04-25 15:00:00,Passenger ship,8.6,334,45
2023-04-24 12:18:48,311000710,C6DL4,9751509,NORWEGIAN BLISS,Under way using engine,56.03940167,-134.47992833,354.7,21.1,"SKAGWAY, AK",2023-04-25 15:00:00,Passenger ship,8.6,334,45
2023-04-24 12:19:43,311000710,C6DL4,9751509,NORWEGIAN BLISS,Under way using engine,56.04466500,-134.48049667,356.8,21.1,"SKAGWAY, AK",2023-04-25 15:00:00,Passenger ship,8.6,334,45
2023-04-24 12:20:54,311000710,C6DL4,9751509,NORWEGIAN BLISS,Under way using engine,56.05164000,-134.48095833,358.8,20.7,"SKAGWAY, AK",2023-04-25 15:00:00,Passenger ship,8.6,334,45
2023-04-24 12:21:45,311000710,C6DL4,9751509,NORWEGIAN BLISS,Under way using engine,56.05610167,-134.48133167,356.5,20.3,"SKAGWAY, AK",2023-04-25 15:00:00,Passenger ship,8.6,334,45
2023-04-24 12:23:07,311000710,C6DL4,9751509,NORWEGIAN BLISS,Under way using engine,56.06381667,-134.48198167,357.6,19.6,"SKAGWAY, AK",2023-04-25 15:00:00,Passenger ship,8.6,334,45
2023-04-24 12:24:00,311000710,C6DL4,9751509,NORWEGIAN BLISS,Under way using engine,56.06871833,-134.48230500,358.0,19.0,"SKAGWAY, AK",2023-04-25 15:00:00,Passenger ship,8.6,334,45
2023-04-24 12:24:42,311000710,C6DL4,9751509,NORWEGIAN BLISS,Under way using engine,56.07223667,-134.48258500,356.1,18.4,"SKAGWAY, AK",2023-04-25 15:00:00,Passenger ship,8.6,334,45
2023-04-24 12:25:49,311000710,C6DL4,9751509,NORWEGIAN BLISS,Under way using engine,56.07774500,-134.48312667,357.5,17.8,"SKAGWAY, AK",2023-04-25 15:00:00,Passenger ship,8.6,334,45
2023-04-24 12:27:50,311000710,C6DL4,9751509,NORWEGIAN BLISS,Under way using engine,56.08727833,-134.48396333,357.6,17.0,"SKAGWAY, AK",2023-04-25 15:00:00,Passenger ship,8.6,334,45
2023-04-24 12:27:56,311000710,C6DL4,9751509,NORWEGIAN BLISS,Under way using engine,56.08782000,-134.48396667,359.9,17.1,"SKAGWAY, AK",2023-04-25 15:00:00,Passenger ship,8.6,334,45
2023-04-24 12:29:48,311000710,C6DL4,9751509,NORWEGIAN BLISS,Under way using engine,56.09667667,-134.48400833,359.8,16.5,"SKAGWAY, AK",2023-04-25 15:00:00,Passenger ship,8.6,334,45
2023-04-24 12:35:02,311000710,C6DL4,9751509,NORWEGIAN BLISS,Under way using engine,56.12015500,-134.48414000,1.2,16.2,"SKAGWAY, AK",2023-04-25 15:00:00,Passenger ship,8.6,334,45
2023-04-24 12:40:14,311000710,C6DL4,9751509,NORWEGIAN BLISS,Under way using engine,56.14341000,-134.48348167,1.7,16.0,"SKAGWAY, AK",2023-04-25 15:00:00,Passenger ship,8.6,334,45
2023-04-24 12:42:13,311000710,C6DL4,9751509,NORWEGIAN BLISS,Under way using engine,56.15222000,-134.48331667,359.4,16.0,"SKAGWAY, AK",2023-04-25 15:00:00,Passenger ship,8.6,334,45
2023-04-24 12:44:12,311000710,C6DL4,9751509,NORWEGIAN BLISS,Under way using engine,56.16113000,-134.48318667,1.7,15.8,"SKAGWAY, AK",2023-04-25 15:00:00,Passenger ship,8.6,334,45
2023-04-24 12:45:54,311000710,C6DL4,9751509,NORWEGIAN BLISS,Under way using engine,56.16848667,-134.48298833,359.2,15.8,"SKAGWAY, AK",2023-04-25 15:00:00,Passenger ship,8.6,334,45
2023-04-24 12:49:12,311000710,C6DL4,9751509,NORWEGIAN BLISS,Under way using engine,56.18270500,-134.48298167,1.5,15.6,"SKAGWAY, AK",2023-04-25 15:00:00,Passenger ship,8.6,334,45
2023-04-24 12:54:17,311000710,C6DL4,9751509,NORWEGIAN BLISS,Under way using engine,56.20471667,-134.48237500,0.6,15.6,"SKAGWAY, AK",2023-04-25 15:00:00,Passenger ship,8.6,334,45
2023-04-24 12:59:18,311000710,C6DL4,9751509,NORWEGIAN BLISS,Under way using engine,56.22630333,-134.48218167,359.3,15.6,"SKAGWAY, AK",2023-04-25 15:00:00,Passenger ship,8.6,334,45
2023-04-24 13:04:18,311000710,C6DL4,9751509,NORWEGIAN BLISS,Under way using engine,56.24782333,-134.48266667,359.3,15.5,"SKAGWAY, AK",2023-04-25 15:00:00,Passenger ship,8.6,334,45
2023-04-24 13:09:24,311000710,C6DL4,9751509,NORWEGIAN BLISS,Under way using engine,56.26991167,-134.48336000,359.1,15.6,"SKAGWAY, AK",2023-04-25 15:00:00,Passenger ship,8.6,334,45
2023-04-24 13:14:24,311000710,C6DL4,9751509,NORWEGIAN BLISS,Under way using engine,56.29168833,-134.48398333,358.6,15.8,"SKAGWAY, AK",2023-04-25 15:00:00,Passenger ship,8.6,334,45
2023-04-24 13:19:24,311000710,C6DL4,9751509,NORWEGIAN BLISS,Under way using engine,56.31359167,-134.48485500,359.3,15.8,"SKAGWAY, AK",2023-04-25 15:00:00,Passenger ship,8.6,334,45
2023-04-24 13:24:30,311000710,C6DL4,9751509,NORWEGIAN BLISS,Under way using engine,56.33590000,-134.48581333,358.9,15.7,"SKAGWAY, AK",2023-04-25 15:00:00,Passenger ship,8.6,334,45
2023-04-24 13:29:30,311000710,C6DL4,9751509,NORWEGIAN BLISS,Under way using engine,56.35782000,-134.48670667,358.5,15.9,"SKAGWAY, AK",2023-04-25 15:00:00,Passenger ship,8.6,334,45
2023-04-24 13:34:35,311000710,C6DL4,9751509,NORWEGIAN BLISS,Under way using engine,56.38041333,-134.48785833,358.3,16.1,"SKAGWAY, AK",2023-04-25 15:00:00,Passenger ship,8.6,334,45
2023-04-24 13:39:36,311000710,C6DL4,9751509,NORWEGIAN BLISS,Under way using engine,56.40283667,-134.48907167,358.2,16.3,"SKAGWAY, AK",2023-04-25 15:00:00,Passenger ship,8.6,334,45
2023-04-24 13:44:36,311000710,C6DL4,9751509,NORWEGIAN BLISS,Under way using engine,56.42547333,-134.49012333,358.5,16.3,"SKAGWAY, AK",2023-04-25 15:00:00,Passenger ship,8.6,334,45
2023-04-24 13:49:36,311000710,C6DL4,9751509,NORWEGIAN BLISS,Under way using engine,56.44781500,-134.49094833,359.1,16.1,"SKAGWAY, AK",2023-04-25 15:00:00,Passenger ship,8.6,334,45
2023-04-24 13:50:12,311000710,C6DL4,9751509,NORWEGIAN BLISS,Under way using engine,56.45050500,-134.49113667,356.7,16.0,"SKAGWAY, AK",2023-04-25 15:00:00,Passenger ship,8.6,334,45
2023-04-24 13:50:48,311000710,C6DL4,9751509,NORWEGIAN BLISS,Under way using engine,56.45318167,-134.49151000,354.7,16.0,"SKAGWAY, AK",2023-04-25 15:00:00,Passenger ship,8.6,334,45
2023-04-24 13:52:00,311000710,C6DL4,9751509,NORWEGIAN BLISS,Under way using engine,56.45849167,-134.49263333,352.6,16.0,"SKAGWAY, AK",2023-04-25 15:00:00,Passenger ship,8.6,334,45
2023-04-24 13:54:18,311000710,C6DL4,9751509,NORWEGIAN BLISS,Under way using engine,56.46860167,-134.49475667,354.9,16.1,"SKAGWAY, AK",2023-04-25 15:00:00,Passenger ship,8.6,334,45
2023-04-24 13:56:30,311000710,C6DL4,9751509,NORWEGIAN BLISS,Under way using engine,56.47824000,-134.49655333,352.8,15.7,"SKAGWAY, AK",2023-04-25 15:00:00,Passenger ship,8.6,334,45
2023-04-24 14:01:30,311000710,C6DL4,9751509,NORWEGIAN BLISS,Under way using engine,56.49974167,-134.50194000,352.4,15.6,"SKAGWAY, AK",2023-04-25 15:00:00,Passenger ship,8.6,334,45
2023-04-24 14:06:30,311000710,C6DL4,9751509,NORWEGIAN BLISS,Under way using engine,56.52104833,-134.50717000,352.4,15.5,"SKAGWAY, AK",2023-04-25 15:00:00,Passenger ship,8.6,334,45
2023-04-24 14:11:36,311000710,C6DL4,9751509,NORWEGIAN BLISS,Under way using engine,56.54270000,-134.51229167,352.6,15.5,"SKAGWAY, AK",2023-04-25 15:00:00,Passenger ship,8.6,334,45
2023-04-24 14:13:06,311000710,C6DL4,9751509,NORWEGIAN BLISS,Under way using engine,56.54920000,-134.51365000,354.7,15.6,"SKAGWAY, AK",2023-04-25 15:00:00,Passenger ship,8.6,334,45
2023-04-24 14:13:48,311000710,C6DL4,9751509,NORWEGIAN BLISS,Under way using engine,56.55213000,-134.51402000,356.8,15.6,"SKAGWAY, AK",2023-04-25 15:00:00,Passenger ship,8.6,334,45
2023-04-24 14:14:36,311000710,C6DL4,9751509,NORWEGIAN BLISS,Under way using engine,56.55567000,-134.51423833,358.8,15.6,"SKAGWAY, AK",2023-04-25 15:00:00,Passenger ship,8.6,334,45
2023-04-24 14:16:06,311000710,C6DL4,9751509,NORWEGIAN BLISS,Under way using engine,56.56209667,-134.51429500,0.9,15.6,"SKAGWAY, AK",2023-04-25 15:00:00,Passenger ship,8.6,334,45
2023-04-24 14:17:06,311000710,C6DL4,9751509,NORWEGIAN BLISS,Under way using engine,56.56642000,-134.51401333,3.0,15.6,"SKAGWAY, AK",2023-04-25 15:00:00,Passenger ship,8.6,334,45
2023-04-24 14:22:06,311000710,C6DL4,9751509,NORWEGIAN BLISS,Under way using engine,56.58802833,-134.51208667,2.2,15.6,"SKAGWAY, AK",2023-04-25 15:00:00,Passenger ship,8.6,334,45
2023-04-24 14:25:30,311000710,C6DL4,9751509,NORWEGIAN BLISS,Under way using engine,56.60262167,-134.51088000,2.7,15.1,"SKAGWAY, AK",2023-04-25 15:00:00,Passenger ship,8.6,334,45
2023-04-24 14:26:36,311000710,C6DL4,9751509,NORWEGIAN BLISS,Under way using engine,56.60713833,-134.51047333,2.8,14.6,"SKAGWAY, AK",2023-04-25 15:00:00,Passenger ship,8.6,334,45
2023-04-24 14:27:36,311000710,C6DL4,9751509,NORWEGIAN BLISS,Under way using engine,56.61105667,-134.51012000,2.8,14.1,"SKAGWAY, AK",2023-04-25 15:00:00,Passenger ship,8.6,334,45
2023-04-24 14:28:42,311000710,C6DL4,9751509,NORWEGIAN BLISS,Under way using engine,56.61526167,-134.50973167,2.8,13.4,"SKAGWAY, AK",2023-04-25 15:00:00,Passenger ship,8.6,334,45
2023-04-24 14:29:24,311000710,C6DL4,9751509,NORWEGIAN BLISS,Under way using engine,56.61781333,-134.50948667,3.0,12.9,"SKAGWAY, AK",2023-04-25 15:00:00,Passenger ship,8.6,334,45
2023-04-24 14:30:12,311000710,C6DL4,9751509,NORWEGIAN BLISS,Under way using engine,56.62059333,-134.50923167,2.7,12.2,"SKAGWAY, AK",2023-04-25 15:00:00,Passenger ship,8.6,334,45
2023-04-24 14:31:17,311000710,C6DL4,9751509,NORWEGIAN BLISS,Under way using engine,56.62416500,-134.50894833,2.4,11.7,"SKAGWAY, AK",2023-04-25 15:00:00,Passenger ship,8.6,334,45
2023-04-24 14:32:30,311000710,C6DL4,9751509,NORWEGIAN BLISS,Under way using engine,56.62801333,-134.50866667,2.2,11.2,"SKAGWAY, AK",2023-04-25 15:00:00,Passenger ship,8.6,334,45
2023-04-24 14:33:21,311000710,C6DL4,9751509,NORWEGIAN BLISS,Under way using engine,56.63054833,-134.50848500,2.0,10.6,"SKAGWAY, AK",2023-04-25 15:00:00,Passenger ship,8.6,334,45
2023-04-24 14:34:20,311000710,C6DL4,9751509,NORWEGIAN BLISS,Under way using engine,56.63342167,-134.50831000,1.7,10.1,"SKAGWAY, AK",2023-04-25 15:00:00,Passenger ship,8.6,334,45
2023-04-24 14:38:10,311000710,C6DL4,9751509,NORWEGIAN BLISS,Under way using engine,56.64430667,-134.50761500,3.4,10.7,"SKAGWAY, AK",2023-04-25 15:00:00,Passenger ship,8.6,334,45
2023-04-24 14:39:29,311000710,C6DL4,9751509,NORWEGIAN BLISS,Under way using engine,56.64832833,-134.50712500,4.0,11.3,"SKAGWAY, AK",2023-04-25 15:00:00,Passenger ship,8.6,334,45
2023-04-24 14:40:33,311000710,C6DL4,9751509,NORWEGIAN BLISS,Under way using engine,56.65156833,-134.50668667,4.2,11.9,"SKAGWAY, AK",2023-04-25 15:00:00,Passenger ship,8.6,334,45
2023-04-24 14:41:20,311000710,C6DL4,9751509,NORWEGIAN BLISS,Under way using engine,56.65439833,-134.50631667,3.9,12.5,"SKAGWAY, AK",2023-04-25 15:00:00,Passenger ship,8.6,334,45
2023-04-24 14:42:29,311000710,C6DL4,9751509,NORWEGIAN BLISS,Under way using engine,56.65852167,-134.50579833,4.2,13.3,"SKAGWAY, AK",2023-04-25 15:00:00,Passenger ship,8.6,334,45
2023-04-24 14:43:55,311000710,C6DL4,9751509,NORWEGIAN BLISS,Under way using engine,56.66396167,-134.50514000,3.2,14.3,"SKAGWAY, AK",2023-04-25 15:00:00,Passenger ship,8.6,334,45
2023-04-24 14:44:48,311000710,C6DL4,9751509,NORWEGIAN BLISS,Under way using engine,56.66759000,-134.50479833,2.7,14.8,"SKAGWAY, AK",2023-04-25 15:00:00,Passenger ship,8.6,334,45
2023-04-24 14:46:06,311000710,C6DL4,9751509,NORWEGIAN BLISS,Under way using engine,56.67296000,-134.50428833,3.2,15.3,"SKAGWAY, AK",2023-04-25 15:00:00,Passenger ship,8.6,334,45
2023-04-24 14:49:27,311000710,C6DL4,9751509,NORWEGIAN BLISS,Under way using engine,56.68725500,-134.50259167,4.4,15.8,"SKAGWAY, AK",2023-04-25 15:00:00,Passenger ship,8.6,334,45
2023-04-24 14:53:17,311000710,C6DL4,9751509,NORWEGIAN BLISS,Under way using engine,56.70426833,-134.50046667,2.4,15.9,"SKAGWAY, AK",2023-04-25 15:00:00,Passenger ship,8.6,334,45
2023-04-24 14:58:54,311000710,C6DL4,9751509,NORWEGIAN BLISS,Under way using engine,56.72915667,-134.49885000,2.0,16.0,"SKAGWAY, AK",2023-04-25 15:00:00,Passenger ship,8.6,334,45
2023-04-24 15:05:19,311000710,C6DL4,9751509,NORWEGIAN BLISS,Under way using engine,56.75764167,-134.49737333,1.7,16.2,"SKAGWAY, AK",2023-04-25 15:00:00,Passenger ship,8.6,334,45
2023-04-24 15:10:20,311000710,C6DL4,9751509,NORWEGIAN BLISS,Under way using engine,56.78008833,-134.49620333,1.7,16.3,"SKAGWAY, AK",2023-04-25 15:00:00,Passenger ship,8.6,334,45
2023-04-24 15:15:42,311000710,C6DL4,9751509,NORWEGIAN BLISS,Under way using engine,56.80489333,-134.49425667,3.0,16.9,"SKAGWAY, AK",2023-04-25 15:00:00,Passenger ship,8.6,334,45
2023-04-24 15:19:24,311000710,C6DL4,9751509,NORWEGIAN BLISS,Under way using engine,56.82236000,-134.49306000,0.9,17.0,"SKAGWAY, AK",2023-04-25 15:00:00,Passenger ship,8.6,334,45
2023-04-24 15:22:41,311000710,C6DL4,9751509,NORWEGIAN BLISS,Under way using engine,56.83786167,-134.49235667,3.2,17.1,"SKAGWAY, AK",2023-04-25 15:00:00,Passenger ship,8.6,334,45
2023-04-24 15:23:30,311000710,C6DL4,9751509,NORWEGIAN BLISS,Under way using engine,56.84164833,-134.49181500,5.4,17.1,"SKAGWAY, AK",2023-04-25 15:00:00,Passenger ship,8.6,334,45
2023-04-24 15:24:06,311000710,C6DL4,9751509,NORWEGIAN BLISS,Under way using engine,56.84449000,-134.49119500,7.7,17.2,"SKAGWAY, AK",2023-04-25 15:00:00,Passenger ship,8.6,334,45
2023-04-24 15:24:41,311000710,C6DL4,9751509,NORWEGIAN BLISS,Under way using engine,56.84730667,-134.49037500,9.9,17.1,"SKAGWAY, AK",2023-04-25 15:00:00,Passenger ship,8.6,334,45
2023-04-24 15:25:36,311000710,C6DL4,9751509,NORWEGIAN BLISS,Under way using engine,56.85155667,-134.48874333,13.5,17.1,"SKAGWAY, AK",2023-04-25 15:00:00,Passenger ship,8.6,334,45
2023-04-24 15:26:12,311000710,C6DL4,9751509,NORWEGIAN BLISS,Under way using engine,56.85430000,-134.48743000,15.5,17.0,"SKAGWAY, AK",2023-04-25 15:00:00,Passenger ship,8.6,334,45
2023-04-24 15:26:41,311000710,C6DL4,9751509,NORWEGIAN BLISS,Under way using engine,56.85646833,-134.48622500,17.7,16.9,"SKAGWAY, AK",2023-04-25 15:00:00,Passenger ship,8.6,334,45
2023-04-24 15:27:19,311000710,C6DL4,9751509,NORWEGIAN BLISS,Under way using engine,56.85915000,-134.48455500,19.9,16.9,"SKAGWAY, AK",2023-04-25 15:00:00,Passenger ship,8.6,334,45
2023-04-24 15:27:48,311000710,C6DL4,9751509,NORWEGIAN BLISS,Under way using engine,56.86125333,-134.48306167,22.2,16.9,"SKAGWAY, AK",2023-04-25 15:00:00,Passenger ship,8.6,334,45
2023-04-24 15:28:36,311000710,C6DL4,9751509,NORWEGIAN BLISS,Under way using engine,56.86476000,-134.48019833,24.9,16.9,"SKAGWAY, AK",2023-04-25 15:00:00,Passenger ship,8.6,334,45
2023-04-24 15:29:06,311000710,C6DL4,9751509,NORWEGIAN BLISS,Under way using engine,56.86683500,-134.47826667,28.0,16.8,"SKAGWAY, AK",2023-04-25 15:00:00,Passenger ship,8.6,334,45
2023-04-24 15:29:47,311000710,C6DL4,9751509,NORWEGIAN BLISS,Under way using engine,56.86961500,-134.47544000,30.2,16.8,"SKAGWAY, AK",2023-04-25 15:00:00,Passenger ship,8.6,334,45
2023-04-24 15:30:36,311000710,C6DL4,9751509,NORWEGIAN BLISS,Under way using engine,56.87283167,-134.47179000,32.9,16.7,"SKAGWAY, AK",2023-04-25 15:00:00,Passenger ship,8.6,334,45
2023-04-24 15:31:18,311000710,C6DL4,9751509,NORWEGIAN BLISS,Under way using engine,56.87551000,-134.46847000,35.1,16.6,"SKAGWAY, AK",2023-04-25 15:00:00,Passenger ship,8.6,334,45
2023-04-24 15:36:25,311000710,C6DL4,9751509,NORWEGIAN BLISS,Under way using engine,56.89451833,-134.44436000,35.4,16.2,"SKAGWAY, AK",2023-04-25 15:00:00,Passenger ship,8.6,334,45
2023-04-24 15:41:30,311000710,C6DL4,9751509,NORWEGIAN BLISS,Under way using engine,56.91322500,-134.42096167,34.4,16.0,"SKAGWAY, AK",2023-04-25 15:00:00,Passenger ship,8.6,334,45
2023-04-24 15:44:30,311000710,C6DL4,9751509,NORWEGIAN BLISS,Under way using engine,56.92407500,-134.40701667,36.9,15.9,"SKAGWAY, AK",2023-04-25 15:00:00,Passenger ship,8.6,334,45
2023-04-24 15:45:06,311000710,C6DL4,9751509,NORWEGIAN BLISS,Under way using engine,56.92614000,-134.40401333,39.5,15.8,"SKAGWAY, AK",2023-04-25 15:00:00,Passenger ship,8.6,334,45
2023-04-24 15:46:30,311000710,C6DL4,9751509,NORWEGIAN BLISS,Under way using engine,56.93065167,-134.39658667,43.6,15.5,"SKAGWAY, AK",2023-04-25 15:00:00,Passenger ship,8.6,334,45
2023-04-24 15:48:30,311000710,C6DL4,9751509,NORWEGIAN BLISS,Under way using engine,56.93667667,-134.38596000,44.1,14.6,"SKAGWAY, AK",2023-04-25 15:00:00,Passenger ship,8.6,334,45
2023-04-24 15:49:42,311000710,C6DL4,9751509,NORWEGIAN BLISS,Under way using engine,56.94007667,-134.37999167,43.6,14.1,"SKAGWAY, AK",2023-04-25 15:00:00,Passenger ship,8.6,334,45
2023-04-24 15:50:42,311000710,C6DL4,9751509,NORWEGIAN BLISS,Under way using engine,56.94284833,-134.37517667,43.7,13.5,"SKAGWAY, AK",2023-04-25 15:00:00,Passenger ship,8.6,334,45
2023-04-24 15:51:23,311000710,C6DL4,9751509,NORWEGIAN BLISS,Under way using engine,56.94465333,-134.37185167,47.3,13.1,"SKAGWAY, AK",2023-04-25 15:00:00,Passenger ship,8.6,334,45
2023-04-24 15:52:12,311000710,C6DL4,9751509,NORWEGIAN BLISS,Under way using engine,56.94640167,-134.36782833,54.6,12.4,"SKAGWAY, AK",2023-04-25 15:00:00,Passenger ship,8.6,334,45
2023-04-24 15:52:36,311000710,C6DL4,9751509,NORWEGIAN BLISS,Under way using engine,56.94714000,-134.36570333,58.6,11.9,"SKAGWAY, AK",2023-04-25 15:00:00,Passenger ship,8.6,334,45
2023-04-24 15:53:06,311000710,C6DL4,9751509,NORWEGIAN BLISS,Under way using engine,56.94790333,-134.36314667,62.2,11.3,"SKAGWAY, AK",2023-04-25 15:00:00,Passenger ship,8.6,334,45
2023-04-24 15:53:40,311000710,C6DL4,9751509,NORWEGIAN BLISS,Under way using engine,56.94862667,-134.36035833,65.9,10.8,"SKAGWAY, AK",2023-04-25 15:00:00,Passenger ship,8.6,334,45
2023-04-24 15:55:10,311000710,C6DL4,9751509,NORWEGIAN BLISS,Under way using engine,56.95004667,-134.35309000,79.1,9.9,"SKAGWAY, AK",2023-04-25 15:00:00,Passenger ship,8.6,334,45
2023-04-24 15:55:21,311000710,C6DL4,9751509,NORWEGIAN BLISS,Under way using engine,56.95011167,-134.35211000,83.5,9.7,"SKAGWAY, AK",2023-04-25 15:00:00,Passenger ship,8.6,334,45
2023-04-24 15:55:43,311000710,C6DL4,9751509,NORWEGIAN BLISS,Under way using engine,56.95013500,-134.35037667,90.1,9.4,"SKAGWAY, AK",2023-04-25 15:00:00,Passenger ship,8.6,334,45
2023-04-24 15:55:59,311000710,C6DL4,9751509,NORWEGIAN BLISS,Under way using engine,56.95010167,-134.34914667,92.9,9.2,"SKAGWAY, AK",2023-04-25 15:00:00,Passenger ship,8.6,334,45
2023-04-24 15:56:30,311000710,C6DL4,9751509,NORWEGIAN BLISS,Under way using engine,56.94997833,-134.34675500,97.4,9.2,"SKAGWAY, AK",2023-04-25 15:00:00,Passenger ship,8.6,334,45
2023-04-24 15:58:10,311000710,C6DL4,9751509,NORWEGIAN BLISS,Under way using engine,56.94920833,-134.33892833,101.9,9.9,"SKAGWAY, AK",2023-04-25 15:00:00,Passenger ship,8.6,334,45
2023-04-24 15:58:59,311000710,C6DL4,9751509,NORWEGIAN BLISS,Under way using engine,56.94881667,-134.33474000,95.1,10.0,"SKAGWAY, AK",2023-04-25 15:00:00,Passenger ship,8.6,334,45
2023-04-24 15:59:20,311000710,C6DL4,9751509,NORWEGIAN BLISS,Under way using engine,56.94879500,-134.33303667,89.6,9.9,"SKAGWAY, AK",2023-04-25 15:00:00,Passenger ship,8.6,334,45
2023-04-24 15:59:40,311000710,C6DL4,9751509,NORWEGIAN BLISS,Under way using engine,56.94886500,-134.33125500,84.2,9.9,"SKAGWAY, AK",2023-04-25 15:00:00,Passenger ship,8.6,334,45
2023-04-24 15:59:59,311000710,C6DL4,9751509,NORWEGIAN BLISS,Under way using engine,56.94901333,-134.32967167,78.4,9.9,"SKAGWAY, AK",2023-04-25 15:00:00,Passenger ship,8.6,334,45
2023-04-24 16:00:10,311000710,C6DL4,9751509,NORWEGIAN BLISS,Under way using engine,56.94912667,-134.32885833,75.6,9.9,"SKAGWAY, AK",2023-04-25 15:00:00,Passenger ship,8.6,334,45
2023-04-24 16:00:29,311000710,C6DL4,9751509,NORWEGIAN BLISS,Under way using engine,56.94943333,-134.32724333,68.7,9.9,"SKAGWAY, AK",2023-04-25 15:00:00,Passenger ship,8.6,334,45
2023-04-24 16:01:59,311000710,C6DL4,9751509,NORWEGIAN BLISS,Under way using engine,56.95201167,-134.32126167,37.6,10.4,"SKAGWAY, AK",2023-04-25 15:00:00,Passenger ship,8.6,334,45
2023-04-24 16:02:41,311000710,C6DL4,9751509,NORWEGIAN BLISS,Under way using engine,56.95379000,-134.31922500,30.2,11.1,"SKAGWAY, AK",2023-04-25 15:00:00,Passenger ship,8.6,334,45
2023-04-24 16:03:09,311000710,C6DL4,9751509,NORWEGIAN BLISS,Under way using engine,56.95510333,-134.31793333,27.6,11.7,"SKAGWAY, AK",2023-04-25 15:00:00,Passenger ship,8.6,334,45
2023-04-24 16:04:29,311000710,C6DL4,9751509,NORWEGIAN BLISS,Under way using engine,56.95926500,-134.31423500,24.9,13.0,"SKAGWAY, AK",2023-04-25 15:00:00,Passenger ship,8.6,334,45
2023-04-24 16:05:21,311000710,C6DL4,9751509,NORWEGIAN BLISS,Under way using engine,56.96218333,-134.31169000,25.2,13.7,"SKAGWAY, AK",2023-04-25 15:00:00,Passenger ship,8.6,334,45
2023-04-24 16:06:09,311000710,C6DL4,9751509,NORWEGIAN BLISS,Under way using engine,56.96497667,-134.30925833,24.7,14.2,"SKAGWAY, AK",2023-04-25 15:00:00,Passenger ship,8.6,334,45
2023-04-24 16:07:20,311000710,C6DL4,9751509,NORWEGIAN BLISS,Under way using engine,56.96924167,-134.30557000,25.4,14.8,"SKAGWAY, AK",2023-04-25 15:00:00,Passenger ship,8.6,334,45
2023-04-24 16:08:51,311000710,C6DL4,9751509,NORWEGIAN BLISS,Under way using engine,56.97498833,-134.30057000,25.9,15.5,"SKAGWAY, AK",2023-04-25 15:00:00,Passenger ship,8.6,334,45
2023-04-24 16:09:44,311000710,C6DL4,9751509,NORWEGIAN BLISS,Under way using engine,56.97848500,-134.29745500,26.1,16.1,"SKAGWAY, AK",2023-04-25 15:00:00,Passenger ship,8.6,334,45
2023-04-24 16:10:38,311000710,C6DL4,9751509,NORWEGIAN BLISS,Under way using engine,56.98216000,-134.29413500,26.4,16.7,"SKAGWAY, AK",2023-04-25 15:00:00,Passenger ship,8.6,334,45
2023-04-24 16:12:15,311000710,C6DL4,9751509,NORWEGIAN BLISS,Under way using engine,56.98906333,-134.28784167,26.6,17.9,"SKAGWAY, AK",2023-04-25 15:00:00,Passenger ship,8.6,334,45
2023-04-24 16:13:16,311000710,C6DL4,9751509,NORWEGIAN BLISS,Under way using engine,56.99360667,-134.28364500,26.8,18.5,"SKAGWAY, AK",2023-04-25 15:00:00,Passenger ship,8.6,334,45
2023-04-24 16:14:38,311000710,C6DL4,9751509,NORWEGIAN BLISS,Under way using engine,57.00014833,-134.27756333,26.8,19.1,"SKAGWAY, AK",2023-04-25 15:00:00,Passenger ship,8.6,334,45
2023-04-24 16:17:38,311000710,C6DL4,9751509,NORWEGIAN BLISS,Under way using engine,57.01458833,-134.26420333,27.4,19.7,"SKAGWAY, AK",2023-04-25 15:00:00,Passenger ship,8.6,334,45
2023-04-24 16:18:26,311000710,C6DL4,9751509,NORWEGIAN BLISS,Under way using engine,57.01841167,-134.26029000,30.2,19.8,"SKAGWAY, AK",2023-04-25 15:00:00,Passenger ship,8.6,334,45
2023-04-24 16:23:45,311000710,C6DL4,9751509,NORWEGIAN BLISS,Under way using engine,57.04351500,-134.23226333,30.9,20.2,"SKAGWAY, AK",2023-04-25 15:00:00,Passenger ship,8.6,334,45
2023-04-24 16:27:38,311000710,C6DL4,9751509,NORWEGIAN BLISS,Under way using engine,57.06261667,-134.21131500,30.3,20.9,"SKAGWAY, AK",2023-04-25 15:00:00,Passenger ship,8.6,334,45
2023-04-24 16:29:08,311000710,C6DL4,9751509,NORWEGIAN BLISS,Under way using engine,57.07016333,-134.20317000,30.2,21.5,"SKAGWAY, AK",2023-04-25 15:00:00,Passenger ship,8.6,334,45
2023-04-24 16:31:50,311000710,C6DL4,9751509,NORWEGIAN BLISS,Under way using engine,57.08429000,-134.18803667,30.3,22.1,"SKAGWAY, AK",2023-04-25 15:00:00,Passenger ship,8.6,334,45
2023-04-24 16:36:51,311000710,C6DL4,9751509,NORWEGIAN BLISS,Under way using engine,57.11061000,-134.15908000,31.1,22.1,"SKAGWAY, AK",2023-04-25 15:00:00,Passenger ship,8.6,334,45
2023-04-24 16:42:37,311000710,C6DL4,9751509,NORWEGIAN BLISS,Under way using engine,57.14040667,-134.12406833,32.9,22.0,"SKAGWAY, AK",2023-04-25 15:00:00,Passenger ship,8.6,334,45
2023-04-24 16:44:15,311000710,C6DL4,9751509,NORWEGIAN BLISS,Under way using engine,57.14881000,-134.11446167,29.6,22.1,"SKAGWAY, AK",2023-04-25 15:00:00,Passenger ship,8.6,334,45
2023-04-24 16:46:08,311000710,C6DL4,9751509,NORWEGIAN BLISS,Under way using engine,57.15883667,-134.10338167,32.7,22.2,"SKAGWAY, AK",2023-04-25 15:00:00,Passenger ship,8.6,334,45
2023-04-24 16:49:31,311000710,C6DL4,9751509,NORWEGIAN BLISS,Under way using engine,57.17596500,-134.08232667,34.0,21.7,"SKAGWAY, AK",2023-04-25 15:00:00,Passenger ship,8.6,334,45
2023-04-24 16:54:38,311000710,C6DL4,9751509,NORWEGIAN BLISS,Under way using engine,57.20101833,-134.05104500,35.7,21.3,"SKAGWAY, AK",2023-04-25 15:00:00,Passenger ship,8.6,334,45
2023-04-24 17:00:01,311000710,C6DL4,9751509,NORWEGIAN BLISS,Under way using engine,57.22726000,-134.01718333,33.9,21.5,"SKAGWAY, AK",2023-04-25 15:00:00,Passenger ship,8.6,334,45
2023-04-24 17:05:26,311000710,C6DL4,9751509,NORWEGIAN BLISS,Under way using engine,57.25407167,-133.98457000,33.1,20.9,"SKAGWAY, AK",2023-04-25 15:00:00,Passenger ship,8.6,334,45
2023-04-24 17:07:20,311000710,C6DL4,9751509,NORWEGIAN BLISS,Under way using engine,57.26320000,-133.97345500,35.4,20.6,"SKAGWAY, AK",2023-04-25 15:00:00,Passenger ship,8.6,334,45
2023-04-24 17:08:17,311000710,C6DL4,9751509,NORWEGIAN BLISS,Under way using engine,57.26717333,-133.96780833,39.4,20.5,"SKAGWAY, AK",2023-04-25 15:00:00,Passenger ship,8.6,334,45
2023-04-24 17:09:44,311000710,C6DL4,9751509,NORWEGIAN BLISS,Under way using engine,57.27365333,-133.95748167,41.9,20.5,"SKAGWAY, AK",2023-04-25 15:00:00,Passenger ship,8.6,334,45
2023-04-24 17:14:44,311000710,C6DL4,9751509,NORWEGIAN BLISS,Under way using engine,57.29492833,-133.92297167,41.5,20.3,"SKAGWAY, AK",2023-04-25 15:00:00,Passenger ship,8.6,334,45
2023-04-24 17:19:44,311000710,C6DL4,9751509,NORWEGIAN BLISS,Under way using engine,57.31670500,-133.88877500,39.8,20.7,"SKAGWAY, AK",2023-04-25 15:00:00,Passenger ship,8.6,334,45
2023-04-24 17:24:44,311000710,C6DL4,9751509,NORWEGIAN BLISS,Under way using engine,57.33876500,-133.85431667,41.1,21.1,"SKAGWAY, AK",2023-04-25 15:00:00,Passenger ship,8.6,334,45
2023-04-24 17:26:14,311000710,C6DL4,9751509,NORWEGIAN BLISS,Under way using engine,57.34546000,-133.84378167,38.7,21.1,"SKAGWAY, AK",2023-04-25 15:00:00,Passenger ship,8.6,334,45
2023-04-24 17:26:50,311000710,C6DL4,9751509,NORWEGIAN BLISS,Under way using engine,57.34825833,-133.83982833,36.4,21.1,"SKAGWAY, AK",2023-04-25 15:00:00,Passenger ship,8.6,334,45
2023-04-24 17:27:14,311000710,C6DL4,9751509,NORWEGIAN BLISS,Under way using engine,57.35018333,-133.83732333,34.4,21.2,"SKAGWAY, AK",2023-04-25 15:00:00,Passenger ship,8.6,334,45
2023-04-24 17:27:44,311000710,C6DL4,9751509,NORWEGIAN BLISS,Under way using engine,57.35266333,-133.83435500,32.1,21.3,"SKAGWAY, AK",2023-04-25 15:00:00,Passenger ship,8.6,334,45
2023-04-24 17:28:14,311000710,C6DL4,9751509,NORWEGIAN BLISS,Under way using engine,57.35514333,-133.83163000,30.1,21.3,"SKAGWAY, AK",2023-04-25 15:00:00,Passenger ship,8.6,334,45
2023-04-24 17:28:44,311000710,C6DL4,9751509,NORWEGIAN BLISS,Under way using engine,57.35773667,-133.82900500,27.9,21.3,"SKAGWAY, AK",2023-04-25 15:00:00,Passenger ship,8.6,334,45
2023-04-24 17:29:14,311000710,C6DL4,9751509,NORWEGIAN BLISS,Under way using engine,57.36039000,-133.82655500,25.7,21.3,"SKAGWAY, AK",2023-04-25 15:00:00,Passenger ship,8.6,334,45
2023-04-24 17:29:38,311000710,C6DL4,9751509,NORWEGIAN BLISS,Under way using engine,57.36264500,-133.82466000,23.7,21.3,"SKAGWAY, AK",2023-04-25 15:00:00,Passenger ship,8.6,334,45
2023-04-24 17:30:02,311000710,C6DL4,9751509,NORWEGIAN BLISS,Under way using engine,57.36473833,-133.82305500,21.7,21.3,"SKAGWAY, AK",2023-04-25 15:00:00,Passenger ship,8.6,334,45
2023-04-24 17:30:33,311000710,C6DL4,9751509,NORWEGIAN BLISS,Under way using engine,57.36760000,-133.82107333,19.7,21.3,"SKAGWAY, AK",2023-04-25 15:00:00,Passenger ship,8.6,334,45
2023-04-24 17:31:08,311000710,C6DL4,9751509,NORWEGIAN BLISS,Under way using engine,57.37087167,-133.81908833,17.2,21.2,"SKAGWAY, AK",2023-04-25 15:00:00,Passenger ship,8.6,334,45
2023-04-24 17:36:20,311000710,C6DL4,9751509,NORWEGIAN BLISS,Under way using engine,57.40007833,-133.80316167,16.5,21.0,"SKAGWAY, AK",2023-04-25 15:00:00,Passenger ship,8.6,334,45
2023-04-24 17:41:26,311000710,C6DL4,9751509,NORWEGIAN BLISS,Under way using engine,57.42831667,-133.78785000,16.2,20.8,"SKAGWAY, AK",2023-04-25 15:00:00,Passenger ship,8.6,334,45
2023-04-24 17:46:26,311000710,C6DL4,9751509,NORWEGIAN BLISS,Under way using engine,57.45607833,-133.77274667,16.3,21.0,"SKAGWAY, AK",2023-04-25 15:00:00,Passenger ship,8.6,334,45
2023-04-24 17:51:26,311000710,C6DL4,9751509,NORWEGIAN BLISS,Under way using engine,57.48397167,-133.75730167,16.7,21.1,"SKAGWAY, AK",2023-04-25 15:00:00,Passenger ship,8.6,334,45
2023-04-24 17:56:32,311000710,C6DL4,9751509,NORWEGIAN BLISS,Under way using engine,57.51257333,-133.74172500,16.2,21.1,"SKAGWAY, AK",2023-04-25 15:00:00,Passenger ship,8.6,334,45
2023-04-24 18:00:44,311000710,C6DL4,9751509,NORWEGIAN BLISS,Under way using engine,57.53623167,-133.72907667,14.0,20.9,"SKAGWAY, AK",2023-04-25 15:00:00,Passenger ship,8.6,334,45
2023-04-24 18:01:20,311000710,C6DL4,9751509,NORWEGIAN BLISS,Under way using engine,57.53955500,-133.72768333,11.8,21.0,"SKAGWAY, AK",2023-04-25 15:00:00,Passenger ship,8.6,334,45
2023-04-24 18:01:44,311000710,C6DL4,9751509,NORWEGIAN BLISS,Under way using engine,57.54192333,-133.72690833,9.2,20.9,"SKAGWAY, AK",2023-04-25 15:00:00,Passenger ship,8.6,334,45
2023-04-24 18:02:14,311000710,C6DL4,9751509,NORWEGIAN BLISS,Under way using engine,57.54472333,-133.72620500,6.7,21.0,"SKAGWAY, AK",2023-04-25 15:00:00,Passenger ship,8.6,334,45
2023-04-24 18:02:44,311000710,C6DL4,9751509,NORWEGIAN BLISS,Under way using engine,57.54763500,-133.72571333,4.2,20.9,"SKAGWAY, AK",2023-04-25 15:00:00,Passenger ship,8.6,334,45
2023-04-24 18:03:14,311000710,C6DL4,9751509,NORWEGIAN BLISS,Under way using engine,57.55053833,-133.72547000,1.5,20.9,"SKAGWAY, AK",2023-04-25 15:00:00,Passenger ship,8.6,334,45
2023-04-24 18:03:50,311000710,C6DL4,9751509,NORWEGIAN BLISS,Under way using engine,57.55404333,-133.72551333,358.4,20.9,"SKAGWAY, AK",2023-04-25 15:00:00,Passenger ship,8.6,334,45
2023-04-24 18:04:20,311000710,C6DL4,9751509,NORWEGIAN BLISS,Under way using engine,57.55684667,-133.72581000,355.8,20.9,"SKAGWAY, AK",2023-04-25 15:00:00,Passenger ship,8.6,334,45
2023-04-24 18:04:50,311000710,C6DL4,9751509,NORWEGIAN BLISS,Under way using engine,57.55984167,-133.72636667,353.6,20.9,"SKAGWAY, AK",2023-04-25 15:00:00,Passenger ship,8.6,334,45
2023-04-24 18:05:20,311000710,C6DL4,9751509,NORWEGIAN BLISS,Under way using engine,57.56262000,-133.72710333,351.1,20.9,"SKAGWAY, AK",2023-04-25 15:00:00,Passenger ship,8.6,334,45
2023-04-24 18:06:02,311000710,C6DL4,9751509,NORWEGIAN BLISS,Under way using engine,57.56661833,-133.72847167,348.3,20.9,"SKAGWAY, AK",2023-04-25 15:00:00,Passenger ship,8.6,334,45
2023-04-24 18:11:02,311000710,C6DL4,9751509,NORWEGIAN BLISS,Under way using engine,57.59524000,-133.74046000,347.1,21.3,"SKAGWAY, AK",2023-04-25 15:00:00,Passenger ship,8.6,334,45
2023-04-24 18:16:02,311000710,C6DL4,9751509,NORWEGIAN BLISS,Under way using engine,57.62418500,-133.75289667,347.3,21.5,"SKAGWAY, AK",2023-04-25 15:00:00,Passenger ship,8.6,334,45
2023-04-24 18:18:08,311000710,C6DL4,9751509,NORWEGIAN BLISS,Under way using engine,57.63635333,-133.75833833,345.2,21.4,"SKAGWAY, AK",2023-04-25 15:00:00,Passenger ship,8.6,334,45
2023-04-24 18:23:08,311000710,C6DL4,9751509,NORWEGIAN BLISS,Under way using engine,57.66495500,-133.77267500,344.9,21.4,"SKAGWAY, AK",2023-04-25 15:00:00,Passenger ship,8.6,334,45
2023-04-24 18:28:09,311000710,C6DL4,9751509,NORWEGIAN BLISS,Under way using engine,57.69376833,-133.78735667,343.8,21.5,"SKAGWAY, AK",2023-04-25 15:00:00,Passenger ship,8.6,334,45
2023-04-24 18:33:09,311000710,C6DL4,9751509,NORWEGIAN BLISS,Under way using engine,57.72237833,-133.80250333,344.1,21.3,"SKAGWAY, AK",2023-04-25 15:00:00,Passenger ship,8.6,334,45
2023-04-24 18:38:13,311000710,C6DL4,9751509,NORWEGIAN BLISS,Under way using engine,57.75119000,-133.81792167,343.7,21.3,"SKAGWAY, AK",2023-04-25 15:00:00,Passenger ship,8.6,334,45
2023-04-24 18:43:14,311000710,C6DL4,9751509,NORWEGIAN BLISS,Under way using engine,57.77963667,-133.83347833,343.6,21.3,"SKAGWAY, AK",2023-04-25 15:00:00,Passenger ship,8.6,334,45
2023-04-24 18:47:50,311000710,C6DL4,9751509,NORWEGIAN BLISS,Under way using engine,57.80567167,-133.84797333,341.2,21.3,"SKAGWAY, AK",2023-04-25 15:00:00,Passenger ship,8.6,334,45
2023-04-24 18:48:38,311000710,C6DL4,9751509,NORWEGIAN BLISS,Under way using engine,57.81010667,-133.85104167,338.2,21.3,"SKAGWAY, AK",2023-04-25 15:00:00,Passenger ship,8.6,334,45
2023-04-24 18:49:26,311000710,C6DL4,9751509,NORWEGIAN BLISS,Under way using engine,57.81444000,-133.85450833,335.8,21.2,"SKAGWAY, AK",2023-04-25 15:00:00,Passenger ship,8.6,334,45
2023-04-24 18:54:26,311000710,C6DL4,9751509,NORWEGIAN BLISS,Under way using engine,57.84155833,-133.87723000,335.6,21.4,"SKAGWAY, AK",2023-04-25 15:00:00,Passenger ship,8.6,334,45
2023-04-24 18:59:26,311000710,C6DL4,9751509,NORWEGIAN BLISS,Under way using engine,57.86871833,-133.90020000,335.6,21.6,"SKAGWAY, AK",2023-04-25 15:00:00,Passenger ship,8.6,334,45
2023-04-24 19:04:27,311000710,C6DL4,9751509,NORWEGIAN BLISS,Under way using engine,57.89604000,-133.92325333,335.9,21.6,"SKAGWAY, AK",2023-04-25 15:00:00,Passenger ship,8.6,334,45
2023-04-24 19:08:21,311000710,C6DL4,9751509,NORWEGIAN BLISS,Under way using engine,57.91730167,-133.94121000,335.8,21.1,"SKAGWAY, AK",2023-04-25 15:00:00,Passenger ship,8.6,334,45
2023-04-24 19:09:27,311000710,C6DL4,9751509,NORWEGIAN BLISS,Under way using engine,57.92307500,-133.94608833,335.8,20.5,"SKAGWAY, AK",2023-04-25 15:00:00,Passenger ship,8.6,334,45
2023-04-24 19:11:02,311000710,C6DL4,9751509,NORWEGIAN BLISS,Under way using engine,57.93122833,-133.95297667,335.7,19.9,"SKAGWAY, AK",2023-04-25 15:00:00,Passenger ship,8.6,334,45
2023-04-24 19:16:20,311000710,C6DL4,9751509,NORWEGIAN BLISS,Under way using engine,57.95792333,-133.97649000,334.9,20.1,"SKAGWAY, AK",2023-04-25 15:00:00,Passenger ship,8.6,334,45
2023-04-24 19:21:20,311000710,C6DL4,9751509,NORWEGIAN BLISS,Under way using engine,57.98313333,-133.99891667,334.7,20.1,"SKAGWAY, AK",2023-04-25 15:00:00,Passenger ship,8.6,334,45
2023-04-24 19:26:26,311000710,C6DL4,9751509,NORWEGIAN BLISS,Under way using engine,58.00884500,-134.02177333,334.8,20.2,"SKAGWAY, AK",2023-04-25 15:00:00,Passenger ship,8.6,334,45
2023-04-24 19:31:26,311000710,C6DL4,9751509,NORWEGIAN BLISS,Under way using engine,58.03414167,-134.04438833,334.3,20.2,"SKAGWAY, AK",2023-04-25 15:00:00,Passenger ship,8.6,334,45
2023-04-24 19:35:56,311000710,C6DL4,9751509,NORWEGIAN BLISS,Under way using engine,58.05701167,-134.06484833,337.1,20.3,"SKAGWAY, AK",2023-04-25 15:00:00,Passenger ship,8.6,334,45
2023-04-24 19:36:26,311000710,C6DL4,9751509,NORWEGIAN BLISS,Under way using engine,58.05963667,-134.06678667,339.3,20.3,"SKAGWAY, AK",2023-04-25 15:00:00,Passenger ship,8.6,334,45
2023-04-24 19:36:56,311000710,C6DL4,9751509,NORWEGIAN BLISS,Under way using engine,58.06218833,-134.06845333,341.7,20.2,"SKAGWAY, AK",2023-04-25 15:00:00,Passenger ship,8.6,334,45
2023-04-24 19:39:01,311000710,C6DL4,9751509,NORWEGIAN BLISS,Under way using engine,58.07345167,-134.07505167,343.9,20.2,"SKAGWAY, AK",2023-04-25 15:00:00,Passenger ship,8.6,334,45
2023-04-24 19:42:57,311000710,C6DL4,9751509,NORWEGIAN BLISS,Under way using engine,58.09435833,-134.08679167,341.7,20.1,"SKAGWAY, AK",2023-04-25 15:00:00,Passenger ship,8.6,334,45
2023-04-24 19:43:32,311000710,C6DL4,9751509,NORWEGIAN BLISS,Under way using engine,58.09752833,-134.08893667,339.1,20.2,"SKAGWAY, AK",2023-04-25 15:00:00,Passenger ship,8.6,334,45
2023-04-24 19:44:07,311000710,C6DL4,9751509,NORWEGIAN BLISS,Under way using engine,58.10055667,-134.09128833,336.5,20.2,"SKAGWAY, AK",2023-04-25 15:00:00,Passenger ship,8.6,334,45
2023-04-24 19:44:32,311000710,C6DL4,9751509,NORWEGIAN BLISS,Under way using engine,58.10266500,-134.09313667,334.4,20.2,"SKAGWAY, AK",2023-04-25 15:00:00,Passenger ship,8.6,334,45
2023-04-24 19:45:07,311000710,C6DL4,9751509,NORWEGIAN BLISS,Under way using engine,58.10560167,-134.09597500,332.1,20.3,"SKAGWAY, AK",2023-04-25 15:00:00,Passenger ship,8.6,334,45
2023-04-24 19:48:20,311000710,C6DL4,9751509,NORWEGIAN BLISS,Under way using engine,58.12149833,-134.11283500,330.0,20.4,"SKAGWAY, AK",2023-04-25 15:00:00,Passenger ship,8.6,334,45
2023-04-24 19:49:32,311000710,C6DL4,9751509,NORWEGIAN BLISS,Under way using engine,58.12722333,-134.11901000,330.4,19.9,"SKAGWAY, AK",2023-04-25 15:00:00,Passenger ship,8.6,334,45
2023-04-24 19:50:38,311000710,C6DL4,9751509,NORWEGIAN BLISS,Under way using engine,58.13245500,-134.12457333,330.7,19.3,"SKAGWAY, AK",2023-04-25 15:00:00,Passenger ship,8.6,334,45
2023-04-24 19:51:38,311000710,C6DL4,9751509,NORWEGIAN BLISS,Under way using engine,58.13705167,-134.12941000,331.1,18.7,"SKAGWAY, AK",2023-04-25 15:00:00,Passenger ship,8.6,334,45
2023-04-24 19:52:38,311000710,C6DL4,9751509,NORWEGIAN BLISS,Under way using engine,58.14153167,-134.13406167,331.3,18.1,"SKAGWAY, AK",2023-04-25 15:00:00,Passenger ship,8.6,334,45
2023-04-24 19:53:38,311000710,C6DL4,9751509,NORWEGIAN BLISS,Under way using engine,58.14588500,-134.13853667,331.3,17.5,"SKAGWAY, AK",2023-04-25 15:00:00,Passenger ship,8.6,334,45
2023-04-24 19:54:44,311000710,C6DL4,9751509,NORWEGIAN BLISS,Under way using engine,58.15048500,-134.14330333,330.6,16.9,"SKAGWAY, AK",2023-04-25 15:00:00,Passenger ship,8.6,334,45
2023-04-24 19:55:20,311000710,C6DL4,9751509,NORWEGIAN BLISS,Under way using engine,58.15282500,-134.14594833,328.5,16.7,"SKAGWAY, AK",2023-04-25 15:00:00,Passenger ship,8.6,334,45
2023-04-24 19:55:44,311000710,C6DL4,9751509,NORWEGIAN BLISS,Under way using engine,58.15436667,-134.14784000,326.5,16.5,"SKAGWAY, AK",2023-04-25 15:00:00,Passenger ship,8.6,334,45
2023-04-24 19:56:14,311000710,C6DL4,9751509,NORWEGIAN BLISS,Under way using engine,58.15624667,-134.15032667,324.2,16.3,"SKAGWAY, AK",2023-04-25 15:00:00,Passenger ship,8.6,334,45
2023-04-24 19:56:44,311000710,C6DL4,9751509,NORWEGIAN BLISS,Under way using engine,58.15803833,-134.15290333,321.7,16.1,"SKAGWAY, AK",2023-04-25 15:00:00,Passenger ship,8.6,334,45
2023-04-24 19:57:26,311000710,C6DL4,9751509,NORWEGIAN BLISS,Under way using engine,58.16043167,-134.15667833,318.9,15.9,"SKAGWAY, AK",2023-04-25 15:00:00,Passenger ship,8.6,334,45
2023-04-24 19:58:19,311000710,C6DL4,9751509,NORWEGIAN BLISS,Under way using engine,58.16337667,-134.16168500,316.9,15.7,"SKAGWAY, AK",2023-04-25 15:00:00,Passenger ship,8.6,334,45
2023-04-24 19:59:20,311000710,C6DL4,9751509,NORWEGIAN BLISS,Under way using engine,58.16650000,-134.16741333,314.2,15.6,"SKAGWAY, AK",2023-04-25 15:00:00,Passenger ship,8.6,334,45
2023-04-24 20:02:02,311000710,C6DL4,9751509,NORWEGIAN BLISS,Under way using engine,58.17468833,-134.18299333,316.2,15.4,"SKAGWAY, AK",2023-04-25 15:00:00,Passenger ship,8.6,334,45
2023-04-24 20:07:02,311000710,C6DL4,9751509,NORWEGIAN BLISS,Under way using engine,58.19005667,-134.21092500,315.7,15.5,"SKAGWAY, AK",2023-04-25 15:00:00,Passenger ship,8.6,334,45
2023-04-24 20:12:02,311000710,C6DL4,9751509,NORWEGIAN BLISS,Under way using engine,58.20558167,-134.23981167,315.2,15.8,"SKAGWAY, AK",2023-04-25 15:00:00,Passenger ship,8.6,334,45
2023-04-24 20:15:01,311000710,C6DL4,9751509,NORWEGIAN BLISS,Under way using engine,58.21476000,-134.25708167,314.3,15.3,"SKAGWAY, AK",2023-04-25 15:00:00,Passenger ship,8.6,334,45
2023-04-24 20:15:44,311000710,C6DL4,9751509,NORWEGIAN BLISS,Under way using engine,58.21686167,-134.26107667,314.7,14.7,"SKAGWAY, AK",2023-04-25 15:00:00,Passenger ship,8.6,334,45
2023-04-24 20:16:49,311000710,C6DL4,9751509,NORWEGIAN BLISS,Under way using engine,58.21989833,-134.26691500,314.7,14.1,"SKAGWAY, AK",2023-04-25 15:00:00,Passenger ship,8.6,334,45
2023-04-24 20:21:53,311000710,C6DL4,9751509,NORWEGIAN BLISS,Under way using engine,58.23344667,-134.29322333,314.6,13.8,"SKAGWAY, AK",2023-04-25 15:00:00,Passenger ship,8.6,334,45
2023-04-24 20:23:02,311000710,C6DL4,9751509,NORWEGIAN BLISS,Under way using engine,58.23646833,-134.29907167,314.5,13.1,"SKAGWAY, AK",2023-04-25 15:00:00,Passenger ship,8.6,334,45
2023-04-24 20:24:02,311000710,C6DL4,9751509,NORWEGIAN BLISS,Under way using engine,58.23895333,-134.30387667,314.4,12.6,"SKAGWAY, AK",2023-04-25 15:00:00,Passenger ship,8.6,334,45
2023-04-24 20:25:23,311000710,C6DL4,9751509,NORWEGIAN BLISS,Under way using engine,58.24218000,-134.31015833,313.9,12.1,"SKAGWAY, AK",2023-04-25 15:00:00,Passenger ship,8.6,334,45
2023-04-24 20:27:33,311000710,C6DL4,9751509,NORWEGIAN BLISS,Under way using engine,58.24708667,-134.31977500,313.6,11.5,"SKAGWAY, AK",2023-04-25 15:00:00,Passenger ship,8.6,334,45
2023-04-24 20:28:43,311000710,C6DL4,9751509,NORWEGIAN BLISS,Under way using engine,58.24961000,-134.32474833,314.0,11.0,"SKAGWAY, AK",2023-04-25 15:00:00,Passenger ship,8.6,334,45
2023-04-24 20:30:01,311000710,C6DL4,9751509,NORWEGIAN BLISS,Under way using engine,58.25232000,-134.33010333,313.9,10.4,"SKAGWAY, AK",2023-04-25 15:00:00,Passenger ship,8.6,334,45
2023-04-24 20:33:21,311000710,C6DL4,9751509,NORWEGIAN BLISS,Under way using engine,58.25866167,-134.34271167,314.1,9.8,"SKAGWAY, AK",2023-04-25 15:00:00,Passenger ship,8.6,334,45
2023-04-24 20:35:43,311000710,C6DL4,9751509,NORWEGIAN BLISS,Under way using engine,58.26304833,-134.35154000,312.1,9.8,"SKAGWAY, AK",2023-04-25 15:00:00,Passenger ship,8.6,334,45
2023-04-24 20:39:23,311000710,C6DL4,9751509,NORWEGIAN BLISS,Under way using engine,58.26961000,-134.36542000,312.3,9.2,"SKAGWAY, AK",2023-04-25 15:00:00,Passenger ship,8.6,334,45
2023-04-24 20:40:53,311000710,C6DL4,9751509,NORWEGIAN BLISS,Under way using engine,58.27208000,-134.37060167,311.9,8.7,"SKAGWAY, AK",2023-04-25 15:00:00,Passenger ship,8.6,334,45
2023-04-24 20:42:53,311000710,C6DL4,9751509,NORWEGIAN BLISS,Under way using engine,58.27518333,-134.37720167,311.8,8.1,"SKAGWAY, AK",2023-04-25 15:00:00,Passenger ship,8.6,334,45
2023-04-24 20:45:32,311000710,C6DL4,9751509,NORWEGIAN BLISS,Under way using engine,58.27905667,-134.38574833,309.6,8.2,"SKAGWAY, AK",2023-04-25 15:00:00,Passenger ship,8.6,334,45
2023-04-24 20:48:12,311000710,C6DL4,9751509,NORWEGIAN BLISS,Under way using engine,58.28290667,-134.39471167,312.0,8.1,"SKAGWAY, AK",2023-04-25 15:00:00,Passenger ship,8.6,334,45
2023-04-24 20:48:51,311000710,C6DL4,9751509,NORWEGIAN BLISS,Under way using engine,58.28388667,-134.39669000,314.6,7.9,"SKAGWAY, AK",2023-04-25 15:00:00,Passenger ship,8.6,334,45
2023-04-24 20:49:12,311000710,C6DL4,9751509,NORWEGIAN BLISS,Under way using engine,58.28443833,-134.39769000,317.0,7.8,"SKAGWAY, AK",2023-04-25 15:00:00,Passenger ship,8.6,334,45
2023-04-24 20:49:43,311000710,C6DL4,9751509,NORWEGIAN BLISS,Under way using engine,58.28523667,-134.39902000,319.9,7.6,"SKAGWAY, AK",2023-04-25 15:00:00,Passenger ship,8.6,334,45
2023-04-24 20:50:12,311000710,C6DL4,9751509,NORWEGIAN BLISS,Under way using engine,58.28605667,-134.40024000,322.8,7.5,"SKAGWAY, AK",2023-04-25 15:00:00,Passenger ship,8.6,334,45
2023-04-24 20:50:32,311000710,C6DL4,9751509,NORWEGIAN BLISS,Under way using engine,58.28661333,-134.40099833,325.0,7.4,"SKAGWAY, AK",2023-04-25 15:00:00,Passenger ship,8.6,334,45
2023-04-24 20:50:51,311000710,C6DL4,9751509,NORWEGIAN BLISS,Under way using engine,58.28714000,-134.40166333,327.0,7.3,"SKAGWAY, AK",2023-04-25 15:00:00,Passenger ship,8.6,334,45
2023-04-24 20:51:12,311000710,C6DL4,9751509,NORWEGIAN BLISS,Under way using engine,58.28774000,-134.40234000,330.1,7.2,"SKAGWAY, AK",2023-04-25 15:00:00,Passenger ship,8.6,334,45
2023-04-24 20:51:22,311000710,C6DL4,9751509,NORWEGIAN BLISS,Under way using engine,58.28802833,-134.40262500,332.8,7.1,"SKAGWAY, AK",2023-04-25 15:00:00,Passenger ship,8.6,334,45
2023-04-24 20:51:32,311000710,C6DL4,9751509,NORWEGIAN BLISS,Under way using engine,58.28831167,-134.40287000,335.8,6.9,"SKAGWAY, AK",2023-04-25 15:00:00,Passenger ship,8.6,334,45
2023-04-24 20:51:43,311000710,C6DL4,9751509,NORWEGIAN BLISS,Under way using engine,58.28859667,-134.40309000,338.7,6.7,"SKAGWAY, AK",2023-04-25 15:00:00,Passenger ship,8.6,334,45
2023-04-24 20:51:49,311000710,C6DL4,9751509,NORWEGIAN BLISS,Under way using engine,58.28879333,-134.40321167,341.6,6.5,"SKAGWAY, AK",2023-04-25 15:00:00,Passenger ship,8.6,334,45
2023-04-24 20:52:09,311000710,C6DL4,9751509,NORWEGIAN BLISS,Under way using engine,58.28930667,-134.40350167,343.9,6.2,"SKAGWAY, AK",2023-04-25 15:00:00,Passenger ship,8.6,334,45
2023-04-24 20:52:36,311000710,C6DL4,9751509,NORWEGIAN BLISS,Under way using engine,58.28999167,-134.40384333,345.2,5.6,"SKAGWAY, AK",2023-04-25 15:00:00,Passenger ship,8.6,334,45
2023-04-24 20:52:51,311000710,C6DL4,9751509,NORWEGIAN BLISS,Under way using engine,58.29036167,-134.40404500,342.6,5.2,"SKAGWAY, AK",2023-04-25 15:00:00,Passenger ship,8.6,334,45
2023-04-24 20:53:03,311000710,C6DL4,9751509,NORWEGIAN BLISS,Under way using engine,58.29059667,-134.40421667,339.1,5.0,"SKAGWAY, AK",2023-04-25 15:00:00,Passenger ship,8.6,334,45
2023-04-24 20:53:22,311000710,C6DL4,9751509,NORWEGIAN BLISS,Under way using engine,58.29098000,-134.40444167,344.6,4.5,"SKAGWAY, AK",2023-04-25 15:00:00,Passenger ship,8.6,334,45
2023-04-24 20:53:42,311000710,C6DL4,9751509,NORWEGIAN BLISS,Under way using engine,58.29135500,-134.40456000,351.6,3.8,"SKAGWAY, AK",2023-04-25 15:00:00,Passenger ship,8.6,334,45
2023-04-24 20:54:12,311000710,C6DL4,9751509,NORWEGIAN BLISS,Under way using engine,58.29178333,-134.40476667,341.2,3.2,"SKAGWAY, AK",2023-04-25 15:00:00,Passenger ship,8.6,334,45
2023-04-24 20:54:42,311000710,C6DL4,9751509,NORWEGIAN BLISS,Under way using engine,58.29219167,-134.40508833,334.6,3.1,"SKAGWAY, AK",2023-04-25 15:00:00,Passenger ship,8.6,334,45
2023-04-24 20:55:42,311000710,C6DL4,9751509,NORWEGIAN BLISS,Under way using engine,58.29298667,-134.40572000,341.9,2.9,"SKAGWAY, AK",2023-04-25 15:00:00,Passenger ship,8.6,334,45
2023-04-24 20:55:51,311000710,C6DL4,9751509,NORWEGIAN BLISS,Under way using engine,58.29309167,-134.40576167,347.5,2.8,"SKAGWAY, AK",2023-04-25 15:00:00,Passenger ship,8.6,334,45
2023-04-24 20:56:03,311000710,C6DL4,9751509,NORWEGIAN BLISS,Under way using engine,58.29324333,-134.40579833,354.2,2.8,"SKAGWAY, AK",2023-04-25 15:00:00,Passenger ship,8.6,334,45
2023-04-24 20:56:12,311000710,C6DL4,9751509,NORWEGIAN BLISS,Under way using engine,58.29335667,-134.40579167,2.7,2.7,"SKAGWAY, AK",2023-04-25 15:00:00,Passenger ship,8.6,334,45
2023-04-24 20:56:32,311000710,C6DL4,9751509,NORWEGIAN BLISS,Under way using engine,58.29359500,-134.40571167,12.5,2.7,"SKAGWAY, AK",2023-04-25 15:00:00,Passenger ship,8.6,334,45
2023-04-24 20:57:22,311000710,C6DL4,9751509,NORWEGIAN BLISS,Under way using engine,58.29417000,-134.40550000,4.7,2.6,"SKAGWAY, AK",2023-04-25 15:00:00,Passenger ship,8.6,334,45
2023-04-24 20:57:41,311000710,C6DL4,9751509,NORWEGIAN BLISS,Under way using engine,58.29440833,-134.40551000,355.4,2.6,"SKAGWAY, AK",2023-04-25 15:00:00,Passenger ship,8.6,334,45
2023-04-24 20:58:02,311000710,C6DL4,9751509,NORWEGIAN BLISS,Under way using engine,58.29467500,-134.40558833,349.1,2.6,"SKAGWAY, AK",2023-04-25 15:00:00,Passenger ship,8.6,334,45
2023-04-24 20:58:12,311000710,C6DL4,9751509,NORWEGIAN BLISS,Under way using engine,58.29479167,-134.40561667,354.4,2.5,"SKAGWAY, AK",2023-04-25 15:00:00,Passenger ship,8.6,334,45
2023-04-24 20:58:22,311000710,C6DL4,9751509,NORWEGIAN BLISS,Under way using engine,58.29490333,-134.40561667,1.4,2.4,"SKAGWAY, AK",2023-04-25 15:00:00,Passenger ship,8.6,334,45
2023-04-24 20:58:32,311000710,C6DL4,9751509,NORWEGIAN BLISS,Under way using engine,58.29501667,-134.40558000,11.2,2.4,"SKAGWAY, AK",2023-04-25 15:00:00,Passenger ship,8.6,334,45
2023-04-24 20:58:41,311000710,C6DL4,9751509,NORWEGIAN BLISS,Under way using engine,58.29511333,-134.40552167,17.4,2.5,"SKAGWAY, AK",2023-04-25 15:00:00,Passenger ship,8.6,334,45
2023-04-24 20:59:12,311000710,C6DL4,9751509,NORWEGIAN BLISS,Under way using engine,58.29544333,-134.40538500,1.5,2.2,"SKAGWAY, AK",2023-04-25 15:00:00,Passenger ship,8.6,334,45
2023-04-24 21:00:02,311000710,C6DL4,9751509,NORWEGIAN BLISS,Under way using engine,58.29593333,-134.40540333,356.3,1.9,"SKAGWAY, AK",2023-04-25 15:00:00,Passenger ship,8.6,334,45
2023-04-24 21:00:12,311000710,C6DL4,9751509,NORWEGIAN BLISS,Under way using engine,58.29603000,-134.40540167,2.0,1.8,"SKAGWAY, AK",2023-04-25 15:00:00,Passenger ship,8.6,334,45
2023-04-24 21:00:22,311000710,C6DL4,9751509,NORWEGIAN BLISS,Under way using engine,58.29610333,-134.40537667,10.5,1.8,"SKAGWAY, AK",2023-04-25 15:00:00,Passenger ship,8.6,334,45
2023-04-24 21:00:41,311000710,C6DL4,9751509,NORWEGIAN BLISS,Under way using engine,58.29623667,-134.40535833,1.5,1.2,"SKAGWAY, AK",2023-04-25 15:00:00,Passenger ship,8.6,334,45
2023-04-24 21:00:52,311000710,C6DL4,9751509,NORWEGIAN BLISS,Under way using engine,58.29628833,-134.40536667,353.6,1.0,"SKAGWAY, AK",2023-04-25 15:00:00,Passenger ship,8.6,334,45
2023-04-24 21:01:02,311000710,C6DL4,9751509,NORWEGIAN BLISS,Under way using engine,58.29633333,-134.40539167,343.7,1.0,"SKAGWAY, AK",2023-04-25 15:00:00,Passenger ship,8.6,334,45
2023-04-24 21:01:12,311000710,C6DL4,9751509,NORWEGIAN BLISS,Under way using engine,58.29638333,-134.40540833,351.5,0.9,"SKAGWAY, AK",2023-04-25 15:00:00,Passenger ship,8.6,334,45
2023-04-24 21:01:22,311000710,C6DL4,9751509,NORWEGIAN BLISS,Under way using engine,58.29642833,-134.40539833,7.5,1.1,"SKAGWAY, AK",2023-04-25 15:00:00,Passenger ship,8.6,334,45
2023-04-24 21:01:52,311000710,C6DL4,9751509,NORWEGIAN BLISS,Under way using engine,58.29659333,-134.40536333,357.8,1.1,"SKAGWAY, AK",2023-04-25 15:00:00,Passenger ship,8.6,334,45
2023-04-24 21:02:02,311000710,C6DL4,9751509,NORWEGIAN BLISS,Under way using engine,58.29664500,-134.40539000,345.4,1.1,"SKAGWAY, AK",2023-04-25 15:00:00,Passenger ship,8.6,334,45
2023-04-24 21:03:02,311000710,C6DL4,9751509,NORWEGIAN BLISS,Under way using engine,58.29693500,-134.40550667,353.1,0.9,"SKAGWAY, AK",2023-04-25 15:00:00,Passenger ship,8.6,334,45
2023-04-24 21:03:32,311000710,C6DL4,9751509,NORWEGIAN BLISS,Under way using engine,58.29704333,-134.40554667,346.0,0.7,"SKAGWAY, AK",2023-04-25 15:00:00,Passenger ship,8.6,334,45
2023-04-24 21:03:41,311000710,C6DL4,9751509,NORWEGIAN BLISS,Under way using engine,58.29706167,-134.40557167,320.1,0.5,"SKAGWAY, AK",2023-04-25 15:00:00,Passenger ship,8.6,334,45
2023-04-24 21:04:22,311000710,C6DL4,9751509,NORWEGIAN BLISS,Under way using engine,58.29712667,-134.40567333,346.8,0.5,"SKAGWAY, AK",2023-04-25 15:00:00,Passenger ship,8.6,334,45
2023-04-24 21:04:32,311000710,C6DL4,9751509,NORWEGIAN BLISS,Under way using engine,58.29714833,-134.40568500,341.5,0.5,"SKAGWAY, AK",2023-04-25 15:00:00,Passenger ship,8.6,334,45
2023-04-24 21:04:42,311000710,C6DL4,9751509,NORWEGIAN BLISS,Under way using engine,58.29717167,-134.40571500,326.4,0.5,"SKAGWAY, AK",2023-04-25 15:00:00,Passenger ship,8.6,334,45
2023-04-24 21:04:52,311000710,C6DL4,9751509,NORWEGIAN BLISS,Under way using engine,58.29720167,-134.40573000,346.4,0.6,"SKAGWAY, AK",2023-04-25 15:00:00,Passenger ship,8.6,334,45
2023-04-24 21:05:12,311000710,C6DL4,9751509,NORWEGIAN BLISS,Under way using engine,58.29726833,-134.40575167,352.6,0.8,"SKAGWAY, AK",2023-04-25 15:00:00,Passenger ship,8.6,334,45
2023-04-24 21:05:32,311000710,C6DL4,9751509,NORWEGIAN BLISS,Under way using engine,58.29733167,-134.40579500,326.5,0.8,"SKAGWAY, AK",2023-04-25 15:00:00,Passenger ship,8.6,334,45
2023-04-24 21:05:52,311000710,C6DL4,9751509,NORWEGIAN BLISS,Under way using engine,58.29739000,-134.40589000,309.0,0.8,"SKAGWAY, AK",2023-04-25 15:00:00,Passenger ship,8.6,334,45
2023-04-24 21:06:02,311000710,C6DL4,9751509,NORWEGIAN BLISS,Under way using engine,58.29741000,-134.40593333,315.4,0.7,"SKAGWAY, AK",2023-04-25 15:00:00,Passenger ship,8.6,334,45
2023-04-24 21:06:12,311000710,C6DL4,9751509,NORWEGIAN BLISS,Under way using engine,58.29744000,-134.40596833,329.6,0.7,"SKAGWAY, AK",2023-04-25 15:00:00,Passenger ship,8.6,334,45
2023-04-24 21:06:22,311000710,C6DL4,9751509,NORWEGIAN BLISS,Under way using engine,58.29746000,-134.40599833,320.6,0.5,"SKAGWAY, AK",2023-04-25 15:00:00,Passenger ship,8.6,334,45
2023-04-24 21:06:32,311000710,C6DL4,9751509,NORWEGIAN BLISS,Under way using engine,58.29748000,-134.40600667,351.0,0.5,"SKAGWAY, AK",2023-04-25 15:00:00,Passenger ship,8.6,334,45
2023-04-24 21:07:32,311000710,C6DL4,9751509,NORWEGIAN BLISS,Under way using engine,58.29757667,-134.40598000,30.1,0.7,"SKAGWAY, AK",2023-04-25 15:00:00,Passenger ship,8.6,334,45
2023-04-24 21:07:42,311000710,C6DL4,9751509,NORWEGIAN BLISS,Under way using engine,58.29760167,-134.40596167,19.2,0.5,"SKAGWAY, AK",2023-04-25 15:00:00,Passenger ship,8.6,334,45
2023-04-24 21:12:13,311000710,C6DL4,9751509,NORWEGIAN BLISS,Under way using engine,58.29787167,-134.40633833,126.0,0.0,"SKAGWAY, AK",2023-04-25 15:00:00,Passenger ship,8.6,334,45
2023-04-24 21:17:21,311000710,C6DL4,9751509,NORWEGIAN BLISS,Under way using engine,58.29797500,-134.40642667,17.7,0.2,"SKAGWAY, AK",2023-04-25 15:00:00,Passenger ship,8.6,334,45
2023-04-24 21:22:21,311000710,C6DL4,9751509,NORWEGIAN BLISS,Under way using engine,58.29802833,-134.40637167,6.5,0.0,"SKAGWAY, AK",2023-04-25 15:00:00,Passenger ship,8.6,334,45
2023-04-24 21:30:04,311000710,C6DL4,9751509,NORWEGIAN BLISS,Moored,58.29802833,-134.40637167,148.3,0.0,"JUNEAU, AK",2023-04-24 21:30:00,Passenger ship,8.6,334,45
2023-04-24 21:36:02,311000710,C6DL4,9751509,NORWEGIAN BLISS,Moored,58.29803000,-134.40636667,232.2,0.0,"JUNEAU, AK",2023-04-24 21:30:00,Passenger ship,8.6,334,45
2023-04-24 21:42:04,311000710,C6DL4,9751509,NORWEGIAN BLISS,Moored,58.29803167,-134.40636333,262.6,0.0,"JUNEAU, AK",2023-04-24 21:30:00,Passenger ship,8.6,334,45
2023-04-24 21:48:02,311000710,C6DL4,9751509,NORWEGIAN BLISS,Moored,58.29803000,-134.40636667,316.1,0.0,"JUNEAU, AK",2023-04-24 21:30:00,Passenger ship,8.6,334,45
2023-04-24 21:54:03,311000710,C6DL4,9751509,NORWEGIAN BLISS,Moored,58.29803000,-134.40636500,358.5,0.0,"JUNEAU, AK",2023-04-24 21:30:00,Passenger ship,8.6,334,45
2023-04-24 22:00:03,311000710,C6DL4,9751509,NORWEGIAN BLISS,Moored,58.29802833,-134.40636500,232.2,0.0,"JUNEAU, AK",2023-04-24 21:30:00,Passenger ship,8.6,334,45
2023-04-24 22:03:03,311000710,C6DL4,9751509,NORWEGIAN BLISS,Moored,58.29802833,-134.40636500,223.1,0.0,"JUNEAU, AK",2023-04-24 21:30:00,Passenger ship,8.6,334,45
2023-04-24 22:12:02,311000710,C6DL4,9751509,NORWEGIAN BLISS,Moored,58.29802833,-134.40636833,232.2,0.0,"JUNEAU, AK",2023-04-24 21:30:00,Passenger ship,8.6,334,45
2023-04-24 22:18:03,311000710,C6DL4,9751509,NORWEGIAN BLISS,Moored,58.29803167,-134.40636833,232.2,0.0,"JUNEAU, AK",2023-04-24 21:30:00,Passenger ship,8.6,334,45
2023-04-24 22:24:03,311000710,C6DL4,9751509,NORWEGIAN BLISS,Moored,58.29803167,-134.40636333,232.2,0.0,"JUNEAU, AK",2023-04-24 21:30:00,Passenger ship,8.6,334,45
2023-04-24 22:30:03,311000710,C6DL4,9751509,NORWEGIAN BLISS,Moored,58.29803167,-134.40636500,246.4,0.0,"JUNEAU, AK",2023-04-24 21:30:00,Passenger ship,8.6,334,45
2023-04-24 22:36:02,311000710,C6DL4,9751509,NORWEGIAN BLISS,Moored,58.29803333,-134.40636333,254.7,0.0,"JUNEAU, AK",2023-04-24 21:30:00,Passenger ship,8.6,334,45
2023-04-24 22:42:04,311000710,C6DL4,9751509,NORWEGIAN BLISS,Moored,58.29803167,-134.40636667,232.2,0.0,"JUNEAU, AK",2023-04-24 21:30:00,Passenger ship,8.6,334,45
2023-04-24 22:48:03,311000710,C6DL4,9751509,NORWEGIAN BLISS,Moored,58.29802833,-134.40636833,340.9,0.0,"JUNEAU, AK",2023-04-24 21:30:00,Passenger ship,8.6,334,45
2023-04-24 22:54:02,311000710,C6DL4,9751509,NORWEGIAN BLISS,Moored,58.29803167,-134.40636500,320.0,0.0,"JUNEAU, AK",2023-04-24 21:30:00,Passenger ship,8.6,334,45
2023-04-24 23:00:03,311000710,C6DL4,9751509,NORWEGIAN BLISS,Moored,58.29803167,-134.40636167,232.2,0.0,"JUNEAU, AK",2023-04-24 21:30:00,Passenger ship,8.6,334,45
2023-04-24 23:06:03,311000710,C6DL4,9751509,NORWEGIAN BLISS,Moored,58.29803167,-134.40636667,232.2,0.0,"JUNEAU, AK",2023-04-24 21:30:00,Passenger ship,8.6,334,45
2023-04-24 23:12:02,311000710,C6DL4,9751509,NORWEGIAN BLISS,Moored,58.29803167,-134.40636500,232.2,0.0,"JUNEAU, AK",2023-04-24 21:30:00,Passenger ship,8.6,334,45
2023-04-24 23:18:03,311000710,C6DL4,9751509,NORWEGIAN BLISS,Moored,58.29803167,-134.40636167,354.9,0.0,"JUNEAU, AK",2023-04-24 21:30:00,Passenger ship,8.6,334,45
2023-04-24 23:24:04,311000710,C6DL4,9751509,NORWEGIAN BLISS,Moored,58.29803000,-134.40636333,326.8,0.0,"JUNEAU, AK",2023-04-24 21:30:00,Passenger ship,8.6,334,45
2023-04-24 23:30:04,311000710,C6DL4,9751509,NORWEGIAN BLISS,Moored,58.29803000,-134.40636167,232.2,0.0,"JUNEAU, AK",2023-04-24 21:30:00,Passenger ship,8.6,334,45
2023-04-24 23:36:04,311000710,C6DL4,9751509,NORWEGIAN BLISS,Moored,58.29803167,-134.40636500,160.0,0.0,"JUNEAU, AK",2023-04-24 21:30:00,Passenger ship,8.6,334,45
2023-04-24 23:42:04,311000710,C6DL4,9751509,NORWEGIAN BLISS,Moored,58.29803333,-134.40636500,94.7,0.0,"JUNEAU, AK",2023-04-24 21:30:00,Passenger ship,8.6,334,45
2023-04-24 23:48:04,311000710,C6DL4,9751509,NORWEGIAN BLISS,Moored,58.29803167,-134.40636667,232.3,0.0,"JUNEAU, AK",2023-04-24 21:30:00,Passenger ship,8.6,334,45
2023-04-24 23:55:33,311000710,C6DL4,9751509,NORWEGIAN BLISS,Moored,58.29802667,-134.40636333,232.3,0.0,"JUNEAU, AK",2023-04-24 21:30:00,Passenger ship,8.6,334,45
2023-04-24 23:57:03,311000710,C6DL4,9751509,NORWEGIAN BLISS,Moored,58.29802833,-134.40636167,232.3,0.0,"JUNEAU, AK",2023-04-24 21:30:00,Passenger ship,8.6,334,45
